第1环质量,第2环质量,第3环质量,公差,最大公约数
4410,4830,5250,420,210
4290,4950,5610,660,330
4410,5130,5850,720,90
3990,5130,6270,1140,570
4410,5250,6090,840,210
4290,5250,6210,960,30
3990,5250,6510,1260,210
4950,5610,6270,660,330
4590,5610,6630,1020,510
4290,5850,7410,1560,390
4830,6090,7350,1260,210
4590,6090,7590,1500,30
4410,6090,7770,1680,210
4830,6210,7590,1380,690
5130,6270,7410,1140,570
4950,6270,7590,1320,330
4290,6270,8250,1980,330
5610,6510,7410,900,30
5250,6510,7770,1260,210
4410,6510,8610,2100,210
3990,6510,9030,2520,210
5610,6630,7650,1020,510
4290,6630,8970,2340,390
6090,7350,8610,1260,210
4950,7350,9750,2400,150
4830,7350,9870,2520,210
4410,7350,10290,2940,1470
6210,7410,8610,1200,30
5850,7410,8970,1560,390
5130,7410,9690,2280,570
4950,7410,9870,2460,30
4830,7410,9990,2580,30
6270,7590,8910,1320,330
6210,7590,8970,1380,690
4290,7590,10890,3300,330
6270,7650,9030,1380,30
5610,7650,9690,2040,510
4410,7650,10890,3240,90
6630,7770,8910,1140,30
6510,7770,9030,1260,210
5850,7770,9690,1920,30
5250,7770,10290,2520,210
4290,7770,11250,3480,30
6630,8250,9870,1620,30
6510,8250,9990,1740,30
6210,8250,10290,2040,30
5610,8250,10890,2640,330
5250,8250,11250,3000,750
7350,8610,9870,1260,210
5610,8610,11610,3000,30
6210,8910,11610,2700,270
6090,8910,11730,2820,30
5130,8910,12690,3780,270
7650,8970,10290,1320,30
6210,8970,11730,2760,690
5250,8970,12690,3720,30
4830,8970,13110,4140,690
3990,8970,13950,4980,30
7770,9030,10290,1260,210
4950,9030,13110,4080,30
7770,9690,11610,1920,30
7650,9690,11730,2040,510
6630,9690,12750,3060,510
6270,9690,13110,3420,570
5130,9690,14250,4560,570
4590,9690,14790,5100,510
8610,9750,10890,1140,30
8250,9750,11250,1500,750
7770,9750,11730,1980,30
5250,9750,14250,4500,750
4290,9750,15210,5460,390
6630,9870,13110,3240,30
4950,9870,14790,4920,30
8910,9990,11070,1080,270
8250,9990,11730,1740,30
8970,10290,11610,1320,30
6630,10290,13950,3660,30
6270,10290,14310,4020,30
9030,10890,12750,1860,30
5850,10890,15930,5040,90
5250,10890,16530,5640,30
5130,10890,16650,5760,90
6090,10962,15834,4872,1218
9030,11070,13110,2040,30
7350,11070,14790,3720,30
6210,11070,15930,4860,270
5610,11070,16530,5460,30
9750,11250,12750,1500,750
8250,11250,14250,3000,750
5850,11250,16650,5400,450
5250,11250,17250,6000,750
4830,11250,17670,6420,30
4410,11250,18090,6840,90
6510,11466,16422,4956,42
4410,11466,18522,7056,882
3990,11466,18942,7476,42
8970,11610,14250,2640,30
8910,11610,14310,2700,270
7410,11610,15810,4200,30
5130,11610,18090,6480,270
9870,11718,13566,1848,42
6510,11718,16926,5208,1302
8250,11730,15210,3480,30
7650,11730,15810,4080,510
6210,11730,17250,5520,690
4290,11730,19170,7440,30
3990,11730,19470,7740,30
11718,12558,13398,840,42
9870,12558,15246,2688,42
7350,12558,17766,5208,42
5250,12558,19866,7308,42
4830,12558,20286,7728,966
4410,12558,20706,8148,42
11070,12690,14310,1620,270
8910,12690,16470,3780,270
6210,12690,19170,6480,270
5250,12690,20130,7440,30
3990,12690,21390,8700,30
11250,12750,14250,1500,750
10290,12750,15210,2460,30
9690,12750,15810,3060,510
9030,12750,16470,3720,30
8970,12750,16530,3780,30
8250,12750,17250,4500,750
7410,12750,18090,5340,30
10290,13110,15930,2820,30
9750,13110,16470,3360,30
9690,13110,16530,3420,570
8970,13110,17250,4140,690
7770,13110,18450,5340,30
6510,13110,19710,6600,30
6210,13110,20010,6900,690
6090,13110,20130,7020,30
4830,13110,21390,8280,690
10962,13398,15834,2436,1218
9870,13398,16926,3528,42
9030,13398,17766,4368,42
6510,13398,20286,6888,42
6090,13398,20706,7308,1218
8610,13566,18522,4956,42
4830,13566,22302,8736,42
3990,13566,23142,9576,798
13110,13950,14790,840,30
12690,13950,15210,1260,90
11250,13950,16650,2700,450
7770,13950,20130,6180,30
6510,13950,21390,7440,930
11718,13986,16254,2268,378
9030,13986,18942,4956,42
4830,13986,23142,9156,42
12690,14250,15810,1560,30
11250,14250,17250,3000,750
9030,14250,19470,5220,30
7350,14250,21150,6900,150
6630,14250,21870,7620,30
6090,14250,22410,8160,30
5250,14250,23250,9000,750
4830,14250,23670,9420,30
4410,14250,24090,9840,30
4290,14250,24210,9960,30
12690,14310,15930,1620,270
8910,14310,19710,5400,270
8610,14310,20010,5700,30
6510,14310,22110,7800,30
6210,14310,22410,8100,270
4950,14310,23670,9360,90
4410,14310,24210,9900,90
13110,14790,16470,1680,30
9870,14790,19710,4920,30
8250,14790,21330,6540,30
4290,14790,25290,10500,30
13566,14994,16422,1428,714
11466,14994,18522,3528,882
7350,14994,22638,7644,294
5250,14994,24738,9744,42
13950,15210,16470,1260,90
12750,15210,17670,2460,30
11250,15210,19170,3960,90
11070,15210,19350,4140,90
10290,15210,20130,4920,30
9030,15210,21390,6180,30
6210,15210,24210,9000,90
5130,15210,25290,10080,90
4950,15210,25470,10260,90
13566,15246,16926,1680,42
7350,15246,23142,7896,42
4950,15246,25542,10296,198
10962,15498,20034,4536,378
10290,15498,20706,5208,42
6510,15498,24486,8988,42
4410,15498,26586,11088,126
13950,15810,17670,1860,930
11610,15810,20010,4200,30
10290,15810,21330,5520,30
9870,15810,21750,5940,30
9750,15810,21870,6060,30
7410,15810,24210,8400,30
6270,15810,25350,9540,30
6090,15810,25530,9720,30
5250,15810,26370,10560,30
3990,15810,27630,11820,30
15246,15834,16422,588,42
10962,15834,20706,4872,1218
9030,15834,22638,6804,42
8610,15834,23058,7224,42
7350,15834,24318,8484,42
5250,15834,26418,10584,42
4410,15834,27258,11424,42
15210,15930,16650,720,90
12690,15930,19170,3240,270
11730,15930,20130,4200,30
9990,15930,21870,5940,270
9750,15930,22110,6180,30
8610,15930,23250,7320,30
7770,15930,24090,8160,30
7650,15930,24210,8280,90
6510,15930,25350,9420,30
13986,16254,18522,2268,378
13566,16254,18942,2688,42
9870,16254,22638,6384,42
8910,16254,23598,7344,54
7770,16254,24738,8484,42
6090,16254,26418,10164,42
5250,16254,27258,11004,42
4590,16254,27918,11664,54
4410,16254,28098,11844,126
12558,16422,20286,3864,966
7770,16422,25074,8652,42
4830,16422,28014,11592,966
3990,16422,28854,12432,42
11610,16470,21330,4860,270
11070,16470,21870,5400,270
9690,16470,23250,6780,30
7650,16470,25290,8820,90
7590,16470,25350,8880,30
7410,16470,25530,9060,30
4950,16470,27990,11520,90
4410,16470,28530,12060,90
15810,16530,17250,720,30
11730,16530,21330,4800,30
8970,16530,24090,7560,30
7770,16530,25290,8760,30
7590,16530,25470,8940,30
6090,16530,26970,10440,870
15210,16650,18090,1440,90
13950,16650,19350,2700,450
10890,16650,22410,5760,90
9870,16650,23430,6780,30
8910,16650,24390,7740,90
7770,16650,25530,8880,1110
5130,16650,28170,11520,90
14994,16758,18522,1764,882
9030,16758,24486,7728,42
3990,16758,29526,12768,798
15498,16926,18354,1428,42
13986,16926,19866,2940,42
13566,16926,20286,3360,42
12558,16926,21294,4368,546
11718,16926,22134,5208,1302
9030,16926,24822,7896,42
5250,16926,28602,11676,42
14790,17250,19710,2460,30
13110,17250,21390,4140,690
12750,17250,21750,4500,750
11250,17250,23250,6000,750
11070,17250,23430,6180,30
10290,17250,24210,6960,30
9030,17250,25470,8220,30
8970,17250,25530,8280,690
6510,17250,27990,10740,30
5130,17250,29370,12120,30
16926,17670,18414,744,186
15210,17670,20130,2460,30
13950,17670,21390,3720,930
11250,17670,24090,6420,30
9990,17670,25350,7680,30
9870,17670,25470,7800,30
8970,17670,26370,8700,30
7590,17670,27750,10080,30
7350,17670,27990,10320,30
15498,17766,20034,2268,378
15246,17766,20286,2520,126
13398,17766,22134,4368,42
11466,17766,24066,6300,126
9990,17766,25542,7776,54
8910,17766,26622,8856,54
7350,17766,28182,10416,42
16470,18090,19710,1620,270
14790,18090,21390,3300,30
14310,18090,21870,3780,270
12750,18090,23430,5340,30
11250,18090,24930,6840,90
10890,18090,25290,7200,90
7650,18090,28530,10440,90
5850,18090,30330,12240,90
4950,18090,31230,13140,90
4410,18090,31770,13680,90
3990,18090,32190,14100,30
17766,18354,18942,588,42
16422,18354,20286,1932,966
14994,18354,21714,3360,42
13566,18354,23142,4788,798
13110,18354,23598,5244,2622
10290,18354,26418,8064,42
8610,18354,28098,9744,42
8250,18354,28458,10104,6
7350,18354,29358,11004,42
15498,18414,21330,2916,54
13398,18414,23430,5016,66
8910,18414,27918,9504,594
14790,18450,22110,3660,30
12690,18450,24210,5760,90
11610,18450,25290,6840,90
8910,18450,27990,9540,90
6090,18450,30810,12360,30
5130,18450,31770,13320,90
4590,18450,32310,13860,90
16758,18522,20286,1764,882
13986,18522,23058,4536,378
12690,18522,24354,5832,54
12558,18522,24486,5964,42
11070,18522,25974,7452,54
9030,18522,28014,9492,42
6090,18522,30954,12432,42
4830,18522,32214,13692,42
18414,18942,19470,528,66
15246,18942,22638,3696,462
13566,18942,24318,5376,42
13398,18942,24486,5544,462
11466,18942,26418,7476,42
9870,18942,28014,9072,42
9030,18942,28854,9912,42
7770,18942,30114,11172,42
3990,18942,33894,14952,42
16470,19170,21870,2700,270
15930,19170,22410,3240,270
14250,19170,24090,4920,30
13986,19170,24354,5184,54
13950,19170,24390,5220,90
11718,19170,26622,7452,54
8970,19170,29370,10200,30
18414,19350,20286,936,18
14310,19350,24390,5040,90
11730,19350,26970,7620,30
11070,19350,27630,8280,90
8910,19350,29790,10440,90
6510,19350,32190,12840,30
5130,19350,33570,14220,90
4590,19350,34110,14760,90
4290,19350,34410,15060,30
3990,19350,34710,15360,30
16530,19470,22410,2940,30
13398,19470,25542,6072,66
8610,19470,30330,10860,30
6630,19470,32310,12840,30
5610,19470,33330,13860,330
4950,19470,33990,14520,330
4830,19470,34110,14640,30
18090,19710,21330,1620,270
17670,19710,21750,2040,30
16254,19710,23166,3456,54
15210,19710,24210,4500,90
13950,19710,25470,5760,90
11250,19710,28170,8460,90
10962,19710,28458,8748,54
10890,19710,28530,8820,90
8610,19710,30810,11100,30
7650,19710,31770,12060,90
7410,19710,32010,12300,30
6090,19710,33330,13620,30
5850,19710,33570,13860,90
4950,19710,34470,14760,90
4410,19710,35010,15300,90
15246,19866,24486,4620,462
14994,19866,24738,4872,42
13110,19866,26622,6756,6
11718,19866,28014,8148,42
8250,19866,31482,11616,66
7350,19866,32382,12516,42
4830,19866,34902,15036,42
3990,19866,35742,15876,42
16422,20010,23598,3588,138
15930,20010,24090,4080,30
15810,20010,24210,4200,30
13950,20010,26070,6060,30
13398,20010,26622,6612,174
9690,20010,30330,10320,30
8610,20010,31410,11400,30
8250,20010,31770,11760,30
7650,20010,32370,12360,30
5610,20010,34410,14400,30
4290,20010,35730,15720,30
18354,20034,21714,1680,42
17766,20034,22302,2268,378
16926,20034,23142,3108,42
16470,20034,23598,3564,54
15246,20034,24822,4788,126
14994,20034,25074,5040,126
11610,20034,28458,8424,54
11466,20034,28602,8568,126
4410,20034,35658,15624,126
14790,20130,25470,5340,30
11730,20130,28530,8400,30
10890,20130,29370,9240,330
9030,20130,31230,11100,30
8250,20130,32010,11880,330
6270,20130,33990,13860,330
5850,20130,34410,14280,30
5250,20130,35010,14880,30
4950,20130,35310,15180,330
4590,20130,35670,15540,30
4290,20130,35970,15840,330
16254,20286,24318,4032,126
15834,20286,24738,4452,42
15498,20286,25074,4788,126
13986,20286,26586,6300,126
13950,20286,26622,6336,18
12558,20286,28014,7728,966
11718,20286,28854,8568,126
7770,20286,32802,12516,42
4830,20286,35742,15456,966
3990,20286,36582,16296,42
18354,20706,23058,2352,42
16926,20706,24486,3780,42
14994,20706,26418,5712,714
14790,20706,26622,5916,2958
13398,20706,28014,7308,1218
12558,20706,28854,8148,42
11466,20706,29946,9240,42
9030,20706,32382,11676,42
8610,20706,32802,12096,42
6510,20706,34902,14196,42
4830,20706,36582,15876,42
18090,21150,24210,3060,90
16758,21150,25542,4392,18
15930,21150,26370,5220,90
14310,21150,27990,6840,90
13986,21150,28314,7164,18
11070,21150,31230,10080,90
10890,21150,31410,10260,90
10290,21150,32010,10860,30
9990,21150,32310,11160,90
8970,21150,33330,12180,30
7590,21150,34710,13560,30
6630,21150,35670,14520,30
6210,21150,36090,14940,90
4590,21150,37710,16560,90
4410,21150,37890,16740,90
20286,21294,22302,1008,126
18522,21294,24066,2772,126
17766,21294,24822,3528,126
13986,21294,28602,7308,126
10962,21294,31626,10332,126
7410,21294,35178,13884,78
6090,21294,36498,15204,42
4950,21294,37638,16344,18
4830,21294,37758,16464,42
18450,21330,24210,2880,90
11250,21330,31410,10080,90
10890,21330,31770,10440,90
10290,21330,32370,11040,30
8250,21330,34410,13080,30
7650,21330,35010,13680,90
7350,21330,35310,13980,30
5850,21330,36810,15480,90
4950,21330,37710,16380,90
4830,21330,37830,16500,30
19350,21390,23430,2040,30
17250,21390,25530,4140,690
15810,21390,26970,5580,930
14790,21390,27990,6600,30
14250,21390,28530,7140,30
9750,21390,33030,11640,30
7770,21390,35010,13620,30
4950,21390,37830,16440,30
3990,21390,38790,17400,30
21294,21714,22134,420,42
20286,21714,23142,1428,42
18942,21714,24486,2772,462
18354,21714,25074,3360,42
15246,21714,28182,6468,462
10290,21714,33138,11424,42
8250,21714,35178,13464,66
7770,21714,35658,13944,42
7410,21714,36018,14304,6
6510,21714,36918,15204,42
3990,21714,39438,17724,42
16530,21750,26970,5220,870
12690,21750,30810,9060,30
11730,21750,31770,10020,30
9030,21750,34470,12720,30
7770,21750,35730,13980,30
7410,21750,36090,14340,30
6210,21750,37290,15540,30
5610,21750,37890,16140,30
3990,21750,39510,17760,30
21330,21870,22410,540,270
19350,21870,24390,2520,90
18450,21870,25290,3420,90
17766,21870,25974,4104,54
17670,21870,26070,4200,30
15210,21870,28530,6660,90
13986,21870,29754,7884,54
13950,21870,29790,7920,90
11730,21870,32010,10140,30
9750,21870,33990,12120,30
9030,21870,34710,12840,30
7770,21870,35970,14100,30
7650,21870,36090,14220,90
5850,21870,37890,16020,90
5610,21870,38130,16260,30
4950,21870,38790,16920,90
20130,22110,24090,1980,330
20010,22110,24210,2100,30
19866,22110,24354,2244,66
17250,22110,26970,4860,30
16470,22110,27750,5640,30
10890,22110,33330,11220,330
9750,22110,34470,12360,30
8910,22110,35310,13200,330
8250,22110,35970,13860,330
7410,22110,36810,14700,30
6510,22110,37710,15600,30
6090,22110,38130,16020,30
5250,22110,38970,16860,30
4830,22110,39390,17280,30
4290,22110,39930,17820,330
16254,22134,28014,5880,42
15810,22134,28458,6324,3162
11466,22134,32802,10668,42
10962,22134,33306,11172,42
8610,22134,35658,13524,42
8250,22134,36018,13884,6
7770,22134,36498,14364,42
7350,22134,36918,14784,42
6630,22134,37638,15504,102
6510,22134,37758,15624,1302
4830,22134,39438,17304,42
4410,22134,39858,17724,42
20286,22302,24318,2016,126
19866,22302,24738,2436,42
16422,22302,28182,5880,42
15246,22302,29358,7056,126
11610,22302,32994,10692,54
11466,22302,33138,10836,126
9030,22302,35574,13272,42
21390,22410,23430,1020,30
21150,22410,23670,1260,90
19470,22410,25350,2940,30
19350,22410,25470,3060,90
18450,22410,26370,3960,90
16650,22410,28170,5760,90
11250,22410,33570,11160,90
5850,22410,38970,16560,90
4950,22410,39870,17460,90
4830,22410,39990,17580,30
4410,22410,40410,18000,90
22110,22638,23166,528,66
16422,22638,28854,6216,42
9870,22638,35406,12768,42
8250,22638,37026,14388,66
7350,22638,37926,15288,294
6510,22638,38766,16128,42
6090,22638,39186,16548,42
21294,23058,24822,1764,126
16758,23058,29358,6300,126
15930,23058,30186,7128,54
14310,23058,31806,8748,54
11070,23058,35046,11988,54
8910,23058,37206,14148,54
7770,23058,38346,15288,42
7350,23058,38766,15708,42
6510,23058,39606,16548,42
4410,23058,41706,18648,126
19866,23142,26418,3276,42
16926,23142,29358,6216,42
16758,23142,29526,6384,798
16530,23142,29754,6612,3306
12558,23142,33726,10584,42
4830,23142,41454,18312,42
19710,23166,26622,3456,54
18942,23166,27390,4224,66
18414,23166,27918,4752,594
13950,23166,32382,9216,18
9750,23166,36582,13416,78
7650,23166,38682,15516,18
4950,23166,41382,18216,198
22410,23250,24090,840,30
22110,23250,24390,1140,30
21150,23250,25350,2100,150
20130,23250,26370,3120,30
14310,23250,32190,8940,30
9690,23250,36810,13560,30
8610,23250,37890,14640,30
6630,23250,39870,16620,30
6510,23250,39990,16740,930
6090,23250,40410,17160,30
4830,23250,41670,18420,30
4590,23250,41910,18660,30
3990,23250,42510,19260,30
21390,23430,25470,2040,30
21330,23430,25530,2100,30
19470,23430,27390,3960,330
18942,23430,27918,4488,66
16530,23430,30330,6900,30
12750,23430,34110,10680,30
10890,23430,35970,12540,330
9030,23430,37830,14400,30
8970,23430,37890,14460,30
7350,23430,39510,16080,30
5130,23430,41730,18300,30
4950,23430,41910,18480,330
4830,23430,42030,18600,30
17670,23598,29526,5928,114
17250,23598,29946,6348,138
11466,23598,35730,12132,18
10962,23598,36234,12636,54
9990,23598,37206,13608,54
7590,23598,39606,16008,138
5130,23598,42066,18468,1026
22410,23670,24930,1260,90
21870,23670,25470,1800,90
19710,23670,27630,3960,90
19350,23670,27990,4320,90
19170,23670,28170,4500,90
16530,23670,30810,7140,30
15930,23670,31410,7740,90
14310,23670,33030,9360,90
11610,23670,35730,12060,90
11250,23670,36090,12420,90
7410,23670,39930,16260,30
7350,23670,39990,16320,30
6210,23670,41130,17460,90
5850,23670,41490,17820,90
5610,23670,41730,18060,30
4830,23670,42510,18840,30
3990,23670,43350,19680,30
23058,24066,25074,1008,126
21714,24066,26418,2352,42
20034,24066,28098,4032,126
17766,24066,30366,6300,126
16650,24066,31482,7416,18
14994,24066,33138,9072,126
13986,24066,34146,10080,126
12558,24066,35574,11508,42
4410,24066,43722,19656,126
23250,24090,24930,840,30
22638,24090,25542,1452,66
22110,24090,26070,1980,330
20010,24090,28170,4080,30
19866,24090,28314,4224,66
15810,24090,32370,8280,30
10890,24090,37290,13200,330
10290,24090,37890,13800,30
8250,24090,39930,15840,330
7770,24090,40410,16320,30
6510,24090,41670,17580,30
6270,24090,41910,17820,330
4830,24090,43350,19260,30
3990,24090,44190,20100,30
23598,24210,24822,612,18
18090,24210,30330,6120,90
16650,24210,31770,7560,90
14310,24210,34110,9900,90
13950,24210,34470,10260,90
13110,24210,35310,11100,30
12750,24210,35670,11460,30
12690,24210,35730,11520,90
11610,24210,36810,12600,90
10290,24210,38130,13920,30
9030,24210,39390,15180,30
8910,24210,39510,15300,90
8250,24210,40170,15960,30
6510,24210,41910,17700,30
4590,24210,43830,19620,90
23166,24318,25470,1152,18
20034,24318,28602,4284,126
18522,24318,30114,5796,126
18450,24318,30186,5868,18
16422,24318,32214,7896,42
16254,24318,32382,8064,126
15834,24318,32802,8484,42
15498,24318,33138,8820,126
11718,24318,36918,12600,126
11610,24318,37026,12708,18
10290,24318,38346,14028,42
9870,24318,38766,14448,42
9030,24318,39606,15288,42
23166,24354,25542,1188,594
22638,24354,26070,1716,66
19350,24354,29358,5004,18
18522,24354,30186,5832,54
13398,24354,35310,10956,66
12690,24354,36018,11664,54
11070,24354,37638,13284,2214
8910,24354,39798,15444,594
7590,24354,41118,16764,66
4590,24354,44118,19764,54
23430,24390,25350,960,30
23250,24390,25530,1140,30
22410,24390,26370,1980,90
21390,24390,27390,3000,30
21150,24390,27630,3240,90
18450,24390,30330,5940,90
18414,24390,30366,5976,18
16470,24390,32310,7920,90
15210,24390,33570,9180,90
14790,24390,33990,9600,30
14310,24390,34470,10080,90
13110,24390,35670,11280,30
12690,24390,36090,11700,90
11070,24390,37710,13320,90
10890,24390,37890,13500,90
9990,24390,38790,14400,90
8910,24390,39870,15480,90
8610,24390,40170,15780,30
7650,24390,41130,16740,90
6270,24390,42510,18120,30
4950,24390,43830,19440,90
4590,24390,44190,19800,90
23430,24486,25542,1056,66
21714,24486,27258,2772,462
16758,24486,32214,7728,42
15834,24486,33138,8652,42
15246,24486,33726,9240,462
13566,24486,35406,10920,42
13398,24486,35574,11088,462
10290,24486,38682,14196,42
9030,24486,39942,15456,42
7590,24486,41382,16896,66
6510,24486,42462,17976,42
5250,24486,43722,19236,42
4950,24486,44022,19536,66
23058,24738,26418,1680,42
21294,24738,28182,3444,42
18522,24738,30954,6216,42
17670,24738,31806,7068,3534
12558,24738,36918,12180,42
11718,24738,37758,13020,1302
10290,24738,39186,14448,42
9870,24738,39606,14868,42
7770,24738,41706,16968,42
7410,24738,42066,17328,114
4410,24738,45066,20328,42
24354,24822,25290,468,18
23670,24822,25974,1152,18
23058,24822,26586,1764,126
21330,24822,28314,3492,18
20286,24822,29358,4536,126
18414,24822,31230,6408,18
16650,24822,32994,8172,18
15498,24822,34146,9324,126
13986,24822,35658,10836,126
11718,24822,37926,13104,126
10962,24822,38682,13860,126
6510,24822,43134,18312,42
4410,24822,45234,20412,126
24390,24930,25470,540,90
24318,24930,25542,612,18
22110,24930,27750,2820,30
21870,24930,27990,3060,90
21330,24930,28530,3600,90
18450,24930,31410,6480,90
18090,24930,31770,6840,90
17670,24930,32190,7260,30
16530,24930,33330,8400,30
11730,24930,38130,13200,30
11070,24930,38790,13860,90
10890,24930,38970,14040,90
9990,24930,39870,14940,90
9870,24930,39990,15060,30
9690,24930,40170,15240,30
7350,24930,42510,17580,30
6510,24930,43350,18420,30
4950,24930,44910,19980,90
4590,24930,45270,20340,90
22134,25074,28014,2940,42
21294,25074,28854,3780,126
20034,25074,30114,5040,126
18522,25074,31626,6552,126
17766,25074,32382,7308,126
16422,25074,33726,8652,42
16254,25074,33894,8820,126
15246,25074,34902,9828,126
13566,25074,36582,11508,42
11466,25074,38682,13608,126
10962,25074,39186,14112,126
10290,25074,39858,14784,42
9030,25074,41118,16044,42
8610,25074,41538,16464,42
4830,25074,45318,20244,42
24210,25290,26370,1080,90
22410,25290,28170,2880,90
19350,25290,31230,5940,90
19170,25290,31410,6120,90
17250,25290,33330,8040,30
16470,25290,34110,8820,90
12750,25290,37830,12540,30
12690,25290,37890,12600,90
11610,25290,38970,13680,90
11070,25290,39510,14220,90
8910,25290,41670,16380,90
6510,25290,44070,18780,30
21330,25350,29370,4020,30
19470,25350,31230,5880,30
17670,25350,33030,7680,30
11730,25350,38970,13620,30
10290,25350,40410,15060,30
9030,25350,41670,16320,30
8970,25350,41730,16380,390
7590,25350,43110,17760,30
7350,25350,43350,18000,150
6630,25350,44070,18720,390
6510,25350,44190,18840,30
24354,25470,26586,1116,18
24318,25470,26622,1152,18
22410,25470,28530,3060,90
21150,25470,29790,4320,90
20130,25470,30810,5340,30
19710,25470,31230,5760,90
19170,25470,31770,6300,90
16530,25470,34410,8940,30
16470,25470,34470,9000,90
15930,25470,35010,9540,90
15210,25470,35730,10260,90
13110,25470,37830,12360,30
11070,25470,39870,14400,90
9030,25470,41910,16440,30
8910,25470,42030,16560,90
7590,25470,43350,17880,30
24090,25530,26970,1440,30
23670,25530,27390,1860,30
23430,25530,27630,2100,30
23142,25530,27918,2388,6
16650,25530,34410,8880,1110
14250,25530,36810,11280,30
12558,25530,38502,12972,138
11070,25530,39990,14460,30
10890,25530,40170,14640,30
9030,25530,42030,16500,30
23166,25542,27918,2376,594
21714,25542,29370,3828,66
21330,25542,29754,4212,54
21294,25542,29790,4248,18
20130,25542,30954,5412,66
18090,25542,32994,7452,54
14994,25542,36090,10548,18
8910,25542,42174,16632,594
5850,25542,45234,19692,18
5610,25542,45474,19932,66
5130,25542,45954,20412,54
4950,25542,46134,20592,198
25530,25974,26418,444,222
24318,25974,27630,1656,18
15930,25974,36018,10044,54
14310,25974,37638,11664,54
13986,25974,37962,11988,1998
12558,25974,39390,13416,78
6630,25974,45318,19344,78
4950,25974,46998,21024,18
24390,26070,27750,1680,30
21330,26070,30810,4740,2370
20130,26070,32010,5940,330
18414,26070,33726,7656,66
17670,26070,34470,8400,30
16470,26070,35670,9600,30
14310,26070,37830,11760,30
14250,26070,37890,11820,30
12750,26070,39390,13320,30
11730,26070,40410,14340,30
9030,26070,43110,17040,30
6630,26070,45510,19440,30
4410,26070,47730,21660,30
25350,26370,27390,1020,30
24822,26370,27918,1548,18
24210,26370,28530,2160,90
22410,26370,30330,3960,90
21330,26370,31410,5040,90
19710,26370,33030,6660,90
19170,26370,33570,7200,90
16650,26370,36090,9720,90
15930,26370,36810,10440,90
13950,26370,38790,12420,90
12750,26370,39990,13620,30
11610,26370,41130,14760,90
11250,26370,41490,15120,90
11070,26370,41670,15300,90
8910,26370,43830,17460,90
24822,26418,28014,1596,42
24738,26418,28098,1680,42
20034,26418,32802,6384,42
18942,26418,33894,7476,42
16254,26418,36582,10164,42
15810,26418,37026,10608,102
13398,26418,39438,13020,42
11718,26418,41118,14700,42
7770,26418,45066,18648,1554
6090,26418,46746,20328,42
4590,26418,48246,21828,102
4290,26418,48546,22128,6
25542,26586,27630,1044,18
25074,26586,28098,1512,126
24318,26586,28854,2268,126
23058,26586,30114,3528,126
20034,26586,33138,6552,126
19866,26586,33306,6720,42
17766,26586,35406,8820,126
16254,26586,36918,10332,126
15246,26586,37926,11340,126
15210,26586,37962,11376,18
13986,26586,39186,12600,126
13566,26586,39606,13020,42
11718,26586,41454,14868,126
11466,26586,41706,15120,126
5850,26586,47322,20736,18
25074,26622,28170,1548,18
24930,26622,28314,1692,18
24390,26622,28854,2232,18
23058,26622,30186,3564,54
19350,26622,33894,7272,18
17670,26622,35574,8952,6
11070,26622,42174,15552,54
7770,26622,45474,18852,6
6210,26622,47034,20412,54
22134,26970,31806,4836,186
21750,26970,32190,5220,870
19470,26970,34470,7500,30
16650,26970,37290,10320,30
15810,26970,38130,11160,930
13950,26970,39990,13020,930
12558,26970,41382,14412,6
9870,26970,44070,17100,30
9750,26970,44190,17220,30
9030,26970,44910,17940,30
6210,26970,47730,20760,30
4410,26970,49530,22560,30
26418,27258,28098,840,42
22302,27258,32214,4956,2478
22134,27258,32382,5124,42
21714,27258,32802,5544,462
19470,27258,35046,7788,3894
18942,27258,35574,8316,462
16758,27258,37758,10500,42
15834,27258,38682,11424,42
13398,27258,41118,13860,462
7770,27258,46746,19488,42
6270,27258,48246,20988,66
4830,27258,49686,22428,42
3990,27258,50526,23268,42
22410,27390,32370,4980,2490
21750,27390,33030,5640,30
19470,27390,35310,7920,330
16650,27390,38130,10740,30
15810,27390,38970,11580,30
14790,27390,39990,12600,30
13398,27390,41382,13992,66
13110,27390,41670,14280,30
12750,27390,42030,14640,30
9870,27390,44910,17520,30
5250,27390,49530,22140,30
25470,27630,29790,2160,90
25074,27630,30186,2556,18
24930,27630,30330,2700,90
23250,27630,32010,4380,30
21294,27630,33966,6336,18
21150,27630,34110,6480,90
19170,27630,36090,8460,90
18450,27630,36810,9180,90
16758,27630,38502,10872,18
16470,27630,38790,11160,90
12750,27630,42510,14880,30
11070,27630,44190,16560,90
9990,27630,45270,17640,90
9750,27630,45510,17880,30
26970,27750,28530,780,30
25974,27750,29526,1776,222
24090,27750,31410,3660,30
21390,27750,34110,6360,30
17670,27750,37830,10080,30
16530,27750,38970,11220,30
9990,27750,45510,17760,1110
7770,27750,47730,19980,1110
4410,27750,51090,23340,30
25470,27918,30366,2448,18
24354,27918,31482,3564,594
24210,27918,31626,3708,18
24090,27918,31746,3828,66
24066,27918,31770,3852,18
22110,27918,33726,5808,66
21870,27918,33966,6048,54
19866,27918,35970,8052,66
16650,27918,39186,11268,18
11718,27918,44118,16200,54
10890,27918,44946,17028,198
7590,27918,48246,20328,66
4950,27918,50886,22968,198
4590,27918,51246,23328,54
26622,27990,29358,1368,18
24354,27990,31626,3636,18
24210,27990,31770,3780,90
23670,27990,32310,4320,90
23598,27990,32382,4392,18
22410,27990,33570,5580,90
21870,27990,34110,6120,90
20010,27990,35970,7980,30
19170,27990,36810,8820,90
18090,27990,37890,9900,90
16470,27990,39510,11520,90
15810,27990,40170,12180,30
14310,27990,41670,13680,90
14250,27990,41730,13740,30
13950,27990,42030,14040,90
11070,27990,44910,16920,90
8250,27990,47730,19740,30
25074,28014,30954,2940,42
22302,28014,33726,5712,42
22134,28014,33894,5880,42
20286,28014,35742,7728,966
20010,28014,36018,8004,4002
16422,28014,39606,11592,966
13566,28014,42462,14448,42
10962,28014,45066,17052,1218
9030,28014,46998,18984,42
8970,28014,47058,19044,138
7770,28014,48258,20244,42
6090,28014,49938,21924,1218
3990,28014,52038,24024,42
24390,28098,31806,3708,18
23166,28098,33030,4932,18
23058,28098,33138,5040,126
22302,28098,33894,5796,126
21294,28098,34902,6804,126
21150,28098,35046,6948,18
19170,28098,37026,8928,18
16758,28098,39438,11340,126
16254,28098,39942,11844,126
11718,28098,44478,16380,126
11250,28098,44946,16848,18
10962,28098,45234,17136,126
7650,28098,48546,20448,18
6510,28098,49686,21588,42
4950,28098,51246,23148,18
26970,28170,29370,1200,30
26586,28170,29754,1584,18
25974,28170,30366,2196,18
25530,28170,30810,2640,30
24930,28170,31410,3240,90
21870,28170,34470,6300,90
21330,28170,35010,6840,90
21294,28170,35046,6876,18
18450,28170,37890,9720,90
18414,28170,37926,9756,18
16470,28170,39870,11700,90
15930,28170,40410,12240,90
15210,28170,41130,12960,90
14310,28170,42030,13860,90
11070,28170,45270,17100,90
8610,28170,47730,19560,30
5250,28170,51090,22920,30
26418,28182,29946,1764,42
24738,28182,31626,3444,42
24354,28182,32010,3828,66
23058,28182,33306,5124,2562
22638,28182,33726,5544,462
20706,28182,35658,7476,42
20130,28182,36234,8052,4026
19866,28182,36498,8316,462
16926,28182,39438,11256,42
16758,28182,39606,11424,42
16422,28182,39942,11760,42
15246,28182,41118,12936,462
10890,28182,45474,17292,66
8610,28182,47754,19572,42
7770,28182,48594,20412,42
7350,28182,49014,20832,42
4950,28182,51414,23232,66
4830,28182,51534,23352,42
4290,28182,52074,23892,66
3990,28182,52374,24192,42
27258,28314,29370,1056,66
24822,28314,31806,3492,18
24318,28314,32310,3996,18
23598,28314,33030,4716,18
23058,28314,33570,5256,18
22638,28314,33990,5676,66
20130,28314,36498,8184,66
19710,28314,36918,8604,18
16758,28314,39870,11556,18
15498,28314,41130,12816,18
15246,28314,41382,13068,2178
15210,28314,41418,13104,234
12558,28314,44070,15756,78
11718,28314,44910,16596,18
8910,28314,47718,19404,198
4590,28314,52038,23724,18
4290,28314,52338,24024,858
27390,28458,29526,1068,6
26970,28458,29946,1488,186
26586,28458,30330,1872,18
25290,28458,31626,3168,18
21870,28458,35046,6588,54
19710,28458,37206,8748,54
18414,28458,38502,10044,1674
16926,28458,39990,11532,186
15498,28458,41418,12960,54
15246,28458,41670,13212,18
15210,28458,41706,13248,18
13566,28458,43350,14892,102
10962,28458,45954,17496,54
4590,28458,52326,23868,918
25290,28530,31770,3240,90
24066,28530,32994,4464,18
23166,28530,33894,5364,18
21750,28530,35310,6780,30
21390,28530,35670,7140,30
21330,28530,35730,7200,90
20034,28530,37026,8496,18
19350,28530,37710,9180,90
19170,28530,37890,9360,90
18090,28530,38970,10440,90
17670,28530,39390,10860,30
16650,28530,40410,11880,90
15930,28530,41130,12600,90
14994,28530,42066,13536,18
13950,28530,43110,14580,90
11718,28530,45342,16812,18
27258,28602,29946,1344,42
25974,28602,31230,2628,18
24822,28602,32382,3780,126
24210,28602,32994,4392,18
24066,28602,33138,4536,126
23058,28602,34146,5544,126
22302,28602,34902,6300,126
20706,28602,36498,7896,42
20286,28602,36918,8316,126
18522,28602,38682,10080,126
18414,28602,38790,10188,18
17766,28602,39438,10836,126
15498,28602,41706,13104,126
13986,28602,43218,14616,126
11730,28602,45474,16872,6
11250,28602,45954,17352,18
11070,28602,46134,17532,18
10962,28602,46242,17640,126
9030,28602,48174,19572,42
8610,28602,48594,19992,42
5130,28602,52074,23472,18
4830,28602,52374,23772,42
4410,28602,52794,24192,126
28182,28854,29526,672,42
27918,28854,29790,936,18
23598,28854,34110,5256,18
22302,28854,35406,6552,126
22134,28854,35574,6720,42
18942,28854,38766,9912,42
18522,28854,39186,10332,126
17766,28854,39942,11088,126
16254,28854,41454,12600,126
15246,28854,42462,13608,126
13986,28854,43722,14868,126
11466,28854,46242,17388,126
10962,28854,46746,17892,126
9990,28854,47718,18864,18
7770,28854,49938,21084,42
28602,29358,30114,756,126
28530,29358,30186,828,18
26970,29358,31746,2388,6
24822,29358,33894,4536,126
23670,29358,35046,5688,18
23142,29358,35574,6216,42
23058,29358,35658,6300,126
22134,29358,36582,7224,42
20034,29358,38682,9324,126
16650,29358,42066,12708,18
16254,29358,42462,13104,126
15498,29358,43218,13860,126
14994,29358,43722,14364,126
13398,29358,45318,15960,42
11718,29358,46998,17640,126
10962,29358,47754,18396,126
9030,29358,49686,20328,42
4410,29358,54306,24948,126
27258,29370,31482,2112,66
26970,29370,31770,2400,30
26370,29370,32370,3000,30
23430,29370,35310,5940,330
23166,29370,35574,6204,66
21714,29370,37026,7656,66
19350,29370,39390,10020,30
18942,29370,39798,10428,66
17250,29370,41490,12120,30
13398,29370,45342,15972,66
7650,29370,51090,21720,30
5850,29370,52890,23520,30
4590,29370,54150,24780,30
28098,29526,30954,1428,42
22134,29526,36918,7392,42
21294,29526,37758,8232,42
20706,29526,38346,8820,42
20286,29526,38766,9240,42
19866,29526,39186,9660,42
17670,29526,41382,11856,114
15834,29526,43218,13692,42
13986,29526,45066,15540,1554
11730,29526,47322,17796,6
9030,29526,50022,20496,42
6090,29526,52962,23436,42
5250,29526,53802,24276,42
5130,29526,53922,24396,114
28098,29754,31410,1656,18
26370,29754,33138,3384,18
25542,29754,33966,4212,54
22302,29754,37206,7452,54
21870,29754,37638,7884,54
21750,29754,37758,8004,174
19710,29754,39798,10044,54
18090,29754,41418,11664,54
13110,29754,46398,16644,114
11250,29754,48258,18504,18
10962,29754,48546,18792,1566
5850,29754,53658,23904,18
4950,29754,54558,24804,18
28170,29790,31410,1620,90
28098,29790,31482,1692,18
27390,29790,32190,2400,30
26586,29790,32994,3204,18
25470,29790,34110,4320,90
21870,29790,37710,7920,90
21750,29790,37830,8040,30
19710,29790,39870,10080,90
19170,29790,40410,10620,90
18450,29790,41130,11340,90
18090,29790,41490,11700,90
17670,29790,41910,12120,30
16758,29790,42822,13032,18
16470,29790,43110,13320,90
14310,29790,45270,15480,90
7410,29790,52170,22380,30
29526,29946,30366,420,42
26586,29946,33306,3360,42
24486,29946,35406,5460,42
24318,29946,35574,5628,42
22134,29946,37758,7812,1302
21390,29946,38502,8556,4278
20706,29946,39186,9240,42
20286,29946,39606,9660,966
20034,29946,39858,9912,42
18354,29946,41538,11592,966
16758,29946,43134,13188,42
11718,29946,48174,18228,1302
9870,29946,50022,20076,42
8970,29946,50922,20976,138
6630,29946,53262,23316,6
6510,29946,53382,23436,1302
6090,29946,53802,23856,42
28602,30114,31626,1512,126
28458,30114,31770,1656,18
28014,30114,32214,2100,42
27918,30114,32310,2196,18
24822,30114,35406,5292,126
24486,30114,35742,5628,42
24210,30114,36018,5904,18
22302,30114,37926,7812,126
20286,30114,39942,9828,126
18522,30114,41706,11592,126
17766,30114,42462,12348,126
16254,30114,43974,13860,126
14994,30114,45234,15120,126
13986,30114,46242,16128,126
10290,30114,49938,19824,42
4590,30114,55638,25524,18
4410,30114,55818,25704,126
3990,30114,56238,26124,42
28602,30186,31770,1584,18
28182,30186,32190,2004,6
27990,30186,32382,2196,18
25470,30186,34902,4716,18
24354,30186,36018,5832,54
23166,30186,37206,7020,702
22410,30186,37962,7776,54
21870,30186,38502,8316,54
16650,30186,43722,13536,18
16254,30186,44118,13932,2322
9750,30186,50622,20436,78
7410,30186,52962,22776,78
28854,30330,31806,1476,18
27630,30330,33030,2700,90
25350,30330,35310,4980,30
24930,30330,35730,5400,90
21870,30330,38790,8460,90
21150,30330,39510,9180,90
19170,30330,41490,11160,90
16470,30330,44190,13860,90
10962,30330,49698,19368,18
7770,30330,52890,22560,30
6510,30330,54150,23820,30
26622,30366,34110,3744,18
26586,30366,34146,3780,126
25074,30366,35658,5292,126
21294,30366,39438,9072,126
19350,30366,41382,11016,18
16758,30366,43974,13608,126
16254,30366,44478,14112,126
15498,30366,45234,14868,126
13986,30366,46746,16380,126
12558,30366,48174,17808,42
11718,30366,49014,18648,126
10890,30366,49842,19476,18
7770,30366,52962,22596,42
7350,30366,53382,23016,42
28314,30810,33306,2496,78
27630,30810,33990,3180,30
25530,30810,36090,5280,30
22110,30810,39510,8700,30
21750,30810,39870,9060,30
20130,30810,41490,10680,30
19710,30810,41910,11100,30
7410,30810,54210,23400,390
29526,30954,32382,1428,42
28602,30954,33306,2352,42
28182,30954,33726,2772,462
28014,30954,33894,2940,42
27918,30954,33990,3036,66
23142,30954,38766,7812,42
22302,30954,39606,8652,42
22110,30954,39798,8844,4422
9870,30954,52038,21084,42
8250,30954,53658,22704,66
7350,30954,54558,23604,42
6270,30954,55638,24684,66
6090,30954,55818,24864,42
28314,31230,34146,2916,18
27990,31230,34470,3240,90
27750,31230,34710,3480,30
26370,31230,36090,4860,90
25542,31230,36918,5688,18
24822,31230,37638,6408,18
23670,31230,38790,7560,90
21330,31230,41130,9900,90
20286,31230,42174,10944,18
19350,31230,43110,11880,90
10290,31230,52170,20940,30
9030,31230,53430,22200,30
8250,31230,54210,22980,30
30810,31410,32010,600,30
29790,31410,33030,1620,90
28854,31410,33966,2556,18
27918,31410,34902,3492,18
26586,31410,36234,4824,18
25530,31410,37290,5880,30
24930,31410,37890,6480,90
24318,31410,38502,7092,18
23430,31410,39390,7980,30
22410,31410,40410,9000,90
21330,31410,41490,10080,90
21150,31410,41670,10260,90
19710,31410,43110,11700,90
19470,31410,43350,11940,30
16422,31410,46398,14988,6
15498,31410,47322,15912,18
11730,31410,51090,19680,30
8610,31410,54210,22800,30
30954,31482,32010,528,66
28854,31482,34110,2628,18
27918,31482,35046,3564,594
27390,31482,35574,4092,66
25074,31482,37890,6408,18
23166,31482,39798,8316,594
21294,31482,41670,10188,18
18942,31482,44022,12540,66
15930,31482,47034,15552,54
15246,31482,47718,16236,198
15210,31482,47754,16272,18
14790,31482,48174,16692,6
13950,31482,49014,17532,18
11718,31482,51246,19764,54
11250,31482,51714,20232,18
10890,31482,52074,20592,198
7650,31482,55314,23832,18
4950,31482,58014,26532,198
4590,31482,58374,26892,54
30114,31626,33138,1512,126
29946,31626,33306,1680,42
29526,31626,33726,2100,42
29358,31626,33894,2268,126
25542,31626,37710,6084,18
25290,31626,37962,6336,18
24486,31626,38766,7140,42
24066,31626,39186,7560,126
22134,31626,41118,9492,42
21870,31626,41382,9756,18
21714,31626,41538,9912,42
20034,31626,43218,11592,126
17250,31626,46002,14376,6
16254,31626,46998,15372,126
15930,31626,47322,15696,18
15498,31626,47754,16128,126
14994,31626,48258,16632,126
13566,31626,49686,18060,42
11718,31626,51534,19908,126
10290,31626,52962,21336,42
9990,31626,53262,21636,18
9870,31626,53382,21756,42
4830,31626,58422,26796,42
4410,31626,58842,27216,126
31482,31746,32010,264,66
30186,31746,33306,1560,78
29526,31746,33966,2220,222
28314,31746,35178,3432,858
28182,31746,35310,3564,66
27918,31746,35574,3828,66
27750,31746,35742,3996,222
27258,31746,36234,4488,66
25530,31746,37962,6216,222
22110,31746,41382,9636,66
19470,31746,44022,12276,66
17250,31746,46242,14496,6
15246,31746,48246,16500,66
9690,31746,53802,22056,6
6630,31746,56862,25116,78
31230,31770,32310,540,90
28530,31770,35010,3240,90
26622,31770,36918,5148,18
24354,31770,39186,7416,18
23670,31770,39870,8100,90
23598,31770,39942,8172,18
22410,31770,41130,9360,90
21870,31770,41670,9900,90
19710,31770,43830,12060,90
19470,31770,44070,12300,30
19350,31770,44190,12420,90
15810,31770,47730,15960,30
14994,31770,48546,16776,18
11466,31770,52074,20304,18
31230,31806,32382,576,18
30810,31806,32802,996,6
28602,31806,35010,3204,18
26586,31806,37026,5220,18
25974,31806,37638,5832,54
24930,31806,38682,6876,18
24822,31806,38790,6984,18
23670,31806,39942,8136,18
21150,31806,42462,10656,18
12690,31806,50922,19116,54
9690,31806,53922,22116,114
24090,32010,39930,7920,330
22638,32010,41382,9372,66
22110,32010,41910,9900,330
19866,32010,44154,12144,66
13398,32010,50622,18612,66
9870,32010,54150,22140,30
6210,32010,57810,25800,30
5130,32010,58890,26880,30
32010,32190,32370,180,30
30810,32190,33570,1380,30
29370,32190,35010,2820,30
26622,32190,37758,5568,174
26418,32190,37962,5772,222
24390,32190,39990,7800,30
24210,32190,40170,7980,30
23250,32190,41130,8940,30
21870,32190,42510,10320,30
19470,32190,44910,12720,30
16650,32190,47730,15540,1110
15834,32190,48546,16356,174
6270,32190,58110,25920,30
31626,32214,32802,588,42
29526,32214,34902,2688,42
28854,32214,35574,3360,42
28458,32214,35970,3756,6
24822,32214,39606,7392,42
24486,32214,39942,7728,42
21294,32214,43134,10920,546
20706,32214,43722,11508,42
16254,32214,48174,15960,42
15834,32214,48594,16380,546
11466,32214,52962,20748,546
9870,32214,54558,22344,42
8970,32214,55458,23244,78
8610,32214,55818,23604,42
6630,32214,57798,25584,78
6090,32214,58338,26124,42
31626,32310,32994,684,18
31482,32310,33138,828,18
28602,32310,36018,3708,18
28530,32310,36090,3780,90
24822,32310,39798,7488,18
24210,32310,40410,8100,90
23166,32310,41454,9144,18
22110,32310,42510,10200,30
19710,32310,44910,12600,90
19350,32310,45270,12960,90
11730,32310,52890,20580,30
10962,32310,53658,21348,18
6510,32310,58110,25800,30
3990,32310,60630,28320,30
31746,32370,32994,624,78
31410,32370,33330,960,30
30330,32370,34410,2040,30
25974,32370,38766,6396,78
25350,32370,39390,7020,390
23250,32370,41490,9120,30
21390,32370,43350,10980,30
19470,32370,45270,12900,30
15210,32370,49530,17160,390
6630,32370,58110,25740,390
5850,32370,58890,26520,390
31626,32382,33138,756,126
29754,32382,35010,2628,18
29358,32382,35406,3024,126
28530,32382,36234,3852,18
28182,32382,36582,4200,42
26418,32382,38346,5964,42
25974,32382,38790,6408,18
24822,32382,39942,7560,126
24354,32382,40410,8028,18
23058,32382,41706,9324,126
22302,32382,42462,10080,126
20286,32382,44478,12096,126
18522,32382,46242,13860,126
17766,32382,46998,14616,126
12690,32382,52074,19692,18
11718,32382,53046,20664,126
10962,32382,53802,21420,126
5250,32382,59514,27132,42
4410,32382,60354,27972,126
29946,32802,35658,2856,42
29370,32802,36234,3432,66
28314,32802,37290,4488,66
27258,32802,38346,5544,462
26418,32802,39186,6384,42
24486,32802,41118,8316,462
24066,32802,41538,8736,42
23430,32802,42174,9372,4686
23142,32802,42462,9660,42
20286,32802,45318,12516,42
20130,32802,45474,12672,66
19470,32802,46134,13332,66
13566,32802,52038,19236,42
12558,32802,53046,20244,42
10290,32802,55314,22512,42
9030,32802,56574,23772,42
7590,32802,58014,25212,66
6270,32802,59334,26532,66
6090,32802,59514,26712,42
5250,32802,60354,27552,42
4410,32802,61194,28392,42
30810,32994,35178,2184,78
30330,32994,35658,2664,18
29754,32994,36234,3240,54
28098,32994,37890,4896,18
24318,32994,41670,8676,18
23166,32994,42822,9828,702
22638,32994,43350,10356,6
21870,32994,44118,11124,54
20034,32994,45954,12960,54
13950,32994,52038,19044,18
12558,32994,53430,20436,78
9750,32994,56238,23244,78
7650,32994,58338,25344,18
4410,32994,61578,28584,18
4290,32994,61698,28704,78
30330,33030,35730,2700,90
28854,33030,37206,4176,18
28170,33030,37890,4860,90
28098,33030,37962,4932,18
26622,33030,39438,6408,18
26070,33030,39990,6960,30
24930,33030,41130,8100,90
24390,33030,41670,8640,90
24354,33030,41706,8676,18
23598,33030,42462,9432,18
21870,33030,44190,11160,90
21150,33030,44910,11880,90
16530,33030,49530,16500,30
13986,33030,52074,19044,18
8250,33030,57810,24780,30
4830,33030,61230,28200,30
32382,33138,33894,756,126
32310,33138,33966,828,18
31806,33138,34470,1332,18
31230,33138,35046,1908,18
30186,33138,36090,2952,18
29358,33138,36918,3780,126
28314,33138,37962,4824,18
26418,33138,39858,6720,42
24822,33138,41454,8316,126
24738,33138,41538,8400,42
24210,33138,42066,8928,18
23166,33138,43110,9972,18
23142,33138,43134,9996,42
23058,33138,43218,10080,126
22302,33138,43974,10836,126
21330,33138,44946,11808,18
20034,33138,46242,13104,126
18522,33138,47754,14616,126
16254,33138,50022,16884,126
13950,33138,52326,19188,18
11718,33138,54558,21420,126
10962,33138,55314,22176,126
10290,33138,55986,22848,42
9030,33138,57246,24108,42
4410,33138,61866,28728,126
30954,33306,35658,2352,42
30114,33306,36498,3192,42
28854,33306,37758,4452,42
26622,33306,39990,6684,6
25074,33306,41538,8232,42
22638,33306,43974,10668,42
22134,33306,44478,11172,42
21294,33306,45318,12012,546
19866,33306,46746,13440,42
18354,33306,48258,14952,42
16926,33306,49686,16380,546
13566,33306,53046,19740,42
12690,33306,53922,20616,6
11466,33306,55146,21840,546
9750,33306,56862,23556,78
9030,33306,57582,24276,42
7770,33306,58842,25536,42
5250,33306,61362,28056,42
32190,33330,34470,1140,30
31482,33330,35178,1848,66
29370,33330,37290,3960,330
28530,33330,38130,4800,30
28314,33330,38346,5016,66
25542,33330,41118,7788,66
25530,33330,41130,7800,30
24930,33330,41730,8400,30
24486,33330,42174,8844,66
22638,33330,44022,10692,66
21750,33330,44910,11580,30
21714,33330,44946,11616,66
21390,33330,45270,11940,30
21150,33330,45510,12180,30
20706,33330,45954,12624,6
18942,33330,47718,14388,66
18414,33330,48246,14916,66
15246,33330,51414,18084,66
13398,33330,53262,19932,66
7770,33330,58890,25560,30
33030,33570,34110,540,90
32994,33570,34146,576,18
31482,33570,35658,2088,18
31410,33570,35730,2160,90
30330,33570,36810,3240,90
30114,33570,37026,3456,18
28458,33570,38682,5112,18
28170,33570,38970,5400,90
27750,33570,39390,5820,30
27630,33570,39510,5940,90
26970,33570,40170,6600,30
25470,33570,41670,8100,90
25074,33570,42066,8496,18
24318,33570,42822,9252,18
23166,33570,43974,10404,18
21870,33570,45270,11700,90
16254,33570,50886,17316,18
14250,33570,52890,19320,30
9030,33570,58110,24540,30
8250,33570,58890,25320,30
6510,33570,60630,27060,30
33306,33726,34146,420,42
31482,33726,35970,2244,66
30954,33726,36498,2772,462
29526,33726,37926,4200,42
28014,33726,39438,5712,42
26070,33726,41382,7656,66
25542,33726,41910,8184,66
24318,33726,43134,9408,42
23430,33726,44022,10296,66
22134,33726,45318,11592,42
22110,33726,45342,11616,66
20706,33726,46746,13020,42
20130,33726,47322,13596,66
17766,33726,49686,15960,42
16926,33726,50526,16800,42
16530,33726,50922,17196,6
11466,33726,55986,22260,42
9870,33726,57582,23856,42
9030,33726,58422,24696,42
8610,33726,58842,25116,42
7770,33726,59682,25956,42
6090,33726,61362,27636,42
32382,33894,35406,1512,126
32214,33894,35574,1680,42
31770,33894,36018,2124,18
28602,33894,39186,5292,126
28182,33894,39606,5712,42
27990,33894,39798,5904,18
27918,33894,39870,5976,18
26370,33894,41418,7524,18
24066,33894,43722,9828,126
23670,33894,44118,10224,18
23598,33894,44190,10296,18
21390,33894,46398,12504,6
20034,33894,47754,13860,126
18090,33894,49698,15804,18
17766,33894,50022,16128,126
16254,33894,51534,17640,126
14994,33894,52794,18900,126
13986,33894,53802,19908,126
9990,33894,57798,23904,18
6210,33894,61578,27684,18
6090,33894,61698,27804,42
5850,33894,61938,28044,18
4410,33894,63378,29484,126
3990,33894,63798,29904,42
33030,33966,34902,936,18
32190,33966,35742,1776,222
27990,33966,39942,5976,18
25470,33966,42462,8496,18
24822,33966,43110,9144,18
24210,33966,43722,9756,18
18090,33966,49842,15876,54
11070,33966,56862,22896,54
9990,33966,57942,23976,1998
8250,33966,59682,25716,6
4590,33966,63342,29376,918
33570,33990,34410,420,30
32802,33990,35178,1188,66
32310,33990,35670,1680,30
32010,33990,35970,1980,330
31746,33990,36234,2244,66
31482,33990,36498,2508,66
30954,33990,37026,3036,66
28182,33990,39798,5808,66
27990,33990,39990,6000,30
26070,33990,41910,7920,330
25470,33990,42510,8520,30
22638,33990,45342,11352,66
18450,33990,49530,15540,30
15810,33990,52170,18180,30
15246,33990,52734,18744,66
9870,33990,58110,24120,30
7350,33990,60630,26640,30
4410,33990,63570,29580,30
31410,34110,36810,2700,90
30330,34110,37890,3780,90
24390,34110,43830,9720,90
24066,34110,44154,10044,18
18522,34110,49698,15588,18
14790,34110,53430,19320,30
7590,34110,60630,26520,30
31482,34146,36810,2664,18
30366,34146,37926,3780,126
30330,34146,37962,3816,18
29946,34146,38346,4200,42
29790,34146,38502,4356,18
29526,34146,38766,4620,42
28854,34146,39438,5292,126
26622,34146,41670,7524,18
26586,34146,41706,7560,126
25470,34146,42822,8676,18
25074,34146,43218,9072,126
24318,34146,43974,9828,126
23058,34146,45234,11088,126
21294,34146,46998,12852,126
20034,34146,48258,14112,126
18450,34146,49842,15696,18
18354,34146,49938,15792,42
17766,34146,50526,16380,126
17670,34146,50622,16476,6
16758,34146,51534,17388,126
16254,34146,52038,17892,126
15498,34146,52794,18648,126
15246,34146,53046,18900,126
13986,34146,54306,20160,126
11718,34146,56574,22428,126
9870,34146,58422,24276,42
8610,34146,59682,25536,42
4950,34146,63342,29196,18
32802,34410,36018,1608,6
32010,34410,36810,2400,30
25470,34410,43350,8940,30
16650,34410,52170,17760,1110
15930,34410,52890,18480,30
7590,34410,61230,26820,30
5250,34410,63570,29160,30
33894,34470,35046,576,18
31230,34470,37710,3240,90
30810,34470,38130,3660,30
29754,34470,39186,4716,18
28530,34470,40410,5940,90
24822,34470,44118,9648,18
23670,34470,45270,10800,90
23598,34470,45342,10872,18
23430,34470,45510,11040,30
18414,34470,50526,16056,18
14790,34470,54150,19680,30
34110,34710,35310,600,30
33330,34710,36090,1380,30
32214,34710,37206,2496,78
27750,34710,41670,6960,30
27390,34710,42030,7320,30
26070,34710,43350,8640,30
25350,34710,44070,9360,390
24354,34710,45066,10356,6
17250,34710,52170,17460,30
16530,34710,52890,18180,30
15498,34710,53922,19212,6
15210,34710,54210,19500,390
12558,34710,56862,22152,78
11610,34710,57810,23100,30
5850,34710,63570,28860,390
4290,34710,65130,30420,390
34146,34902,35658,756,126
33570,34902,36234,1332,18
33306,34902,36498,1596,42
32994,34902,36810,1908,18
30366,34902,39438,4536,126
29946,34902,39858,4956,42
28314,34902,41490,6588,18
28098,34902,41706,6804,126
27630,34902,42174,7272,18
26586,34902,43218,8316,126
25974,34902,43830,8928,18
24738,34902,45066,10164,42
24486,34902,45318,10416,42
23670,34902,46134,11232,18
23058,34902,46746,11844,126
19866,34902,49938,15036,42
18090,34902,51714,16812,18
17766,34902,52038,17136,126
16758,34902,53046,18144,126
16422,34902,53382,18480,42
15498,34902,54306,19404,126
15246,34902,54558,19656,126
13986,34902,55818,20916,126
13566,34902,56238,21336,42
12558,34902,57246,22344,42
11718,34902,58086,23184,126
11466,34902,58338,23436,126
10962,34902,58842,23940,126
10290,34902,59514,24612,42
8610,34902,61194,26292,42
6090,34902,63714,28812,42
34710,35010,35310,300,30
32994,35010,37026,2016,18
32382,35010,37638,2628,18
32310,35010,37710,2700,90
32190,35010,37830,2820,30
31230,35010,38790,3780,90
28602,35010,41418,6408,18
28530,35010,41490,6480,90
28314,35010,41706,6696,18
27990,35010,42030,7020,90
25542,35010,44478,9468,18
25074,35010,44946,9936,18
24066,35010,45954,10944,18
22302,35010,47718,12708,18
16758,35010,53262,18252,18
15810,35010,54210,19200,30
13986,35010,56034,21024,18
6270,35010,63750,28740,30
32802,35046,37290,2244,66
32382,35046,37710,2664,18
31746,35046,38346,3300,66
31410,35046,38682,3636,18
28602,35046,41490,6444,18
28182,35046,41910,6864,66
27918,35046,42174,7128,594
27630,35046,42462,7416,18
26370,35046,43722,8676,18
26070,35046,44022,8976,66
25974,35046,44118,9072,54
24822,35046,45270,10224,18
24090,35046,46002,10956,66
23058,35046,47034,11988,54
19470,35046,50622,15576,3894
19170,35046,50922,15876,54
17766,35046,52326,17280,54
15246,35046,54846,19800,198
11718,35046,58374,23328,54
11250,35046,58842,23796,18
33330,35178,37026,1848,66
32010,35178,38346,3168,66
30366,35178,39990,4812,6
30186,35178,40170,4992,78
29946,35178,40410,5232,6
28182,35178,42174,6996,66
25290,35178,45066,9888,6
24354,35178,46002,10824,2706
22638,35178,47718,12540,66
22110,35178,48246,13068,66
19470,35178,50886,15708,66
18942,35178,51414,16236,2706
16926,35178,53430,18252,78
15210,35178,55146,19968,78
13110,35178,57246,22068,6
12558,35178,57798,22620,78
11466,35178,58890,23712,78
7590,35178,62766,27588,66
33330,35310,37290,1980,330
31230,35310,39390,4080,30
25350,35310,45270,9960,30
24486,35310,46134,10824,66
18450,35310,52170,16860,30
16470,35310,54150,18840,30
11730,35310,58890,23580,30
9990,35310,60630,25320,30
33894,35406,36918,1512,126
32310,35406,38502,3096,18
31626,35406,39186,3780,126
30954,35406,39858,4452,42
29358,35406,41454,6048,126
27990,35406,42822,7416,18
26622,35406,44190,8784,18
25542,35406,45270,9864,18
25470,35406,45342,9936,18
24066,35406,46746,11340,126
23058,35406,47754,12348,126
22638,35406,48174,12768,42
20286,35406,50526,15120,126
17766,35406,53046,17640,126
16254,35406,54558,19152,126
15498,35406,55314,19908,126
14994,35406,55818,20412,126
13950,35406,56862,21456,18
13566,35406,57246,21840,42
3990,35406,66822,31416,42
35406,35574,35742,168,42
35178,35574,35970,396,66
32802,35574,38346,2772,462
32382,35574,38766,3192,42
28014,35574,43134,7560,42
24090,35574,47058,11484,66
23430,35574,47718,12144,66
22134,35574,49014,13440,42
18414,35574,52734,17160,66
18354,35574,52794,17220,42
17766,35574,53382,17808,42
15834,35574,55314,19740,42
13566,35574,57582,22008,42
11466,35574,59682,24108,294
8910,35574,62238,26664,66
7770,35574,63378,27804,42
7350,35574,63798,28224,294
5610,35574,65538,29964,66
5250,35574,65898,30324,42
35574,35658,35742,84,42
34110,35658,37206,1548,18
31806,35658,39510,3852,18
30186,35658,41130,5472,18
28854,35658,42462,6804,126
28182,35658,43134,7476,42
28098,35658,43218,7560,126
26370,35658,44946,9288,18
25974,35658,45342,9684,18
25074,35658,46242,10584,126
24318,35658,46998,11340,126
23598,35658,47718,12060,18
23142,35658,48174,12516,42
23058,35658,48258,12600,126
22302,35658,49014,13356,126
21294,35658,50022,14364,126
18942,35658,52374,16716,42
18522,35658,52794,17136,126
18354,35658,52962,17304,42
16758,35658,54558,18900,126
16470,35658,54846,19188,18
15498,35658,55818,20160,126
10962,35658,60354,24696,126
4590,35658,66726,31068,18
32994,35670,38346,2676,6
32370,35670,38970,3300,30
31482,35670,39858,4188,6
31410,35670,39930,4260,30
27990,35670,43350,7680,30
26070,35670,45270,9600,30
23166,35670,48174,12504,6
19170,35670,52170,16500,30
18450,35670,52890,17220,1230
13398,35670,57942,22272,174
7770,35670,63570,27900,30
7590,35670,63750,28080,30
6210,35670,65130,29460,30
33570,35730,37890,2160,90
33330,35730,38130,2400,30
30330,35730,41130,5400,90
29790,35730,41670,5940,90
29754,35730,41706,5976,18
27630,35730,43830,8100,90
27390,35730,44070,8340,30
18414,35730,53046,17316,18
17250,35730,54210,18480,30
3990,35730,67470,31740,30
34902,35742,36582,840,42
33726,35742,37758,2016,42
33138,35742,38346,2604,42
32802,35742,38682,2940,42
31626,35742,39858,4116,42
30366,35742,41118,5376,42
29946,35742,41538,5796,966
29754,35742,41730,5988,6
26418,35742,45066,9324,1554
25974,35742,45510,9768,222
25530,35742,45954,10212,5106
25350,35742,46134,10392,6
24738,35742,46746,11004,42
24486,35742,46998,11256,42
18522,35742,52962,17220,42
16926,35742,54558,18816,42
15498,35742,55986,20244,42
15246,35742,56238,20496,42
13398,35742,58086,22344,42
13110,35742,58374,22632,138
10290,35742,61194,25452,42
8610,35742,62874,27132,42
7770,35742,63714,27972,1554
7350,35742,64134,28392,42
6210,35742,65274,29532,138
34110,35970,37830,1860,30
32010,35970,39930,3960,330
31770,35970,40170,4200,30
30810,35970,41130,5160,30
27918,35970,44022,8052,66
27750,35970,44190,8220,30
26622,35970,45318,9348,6
25542,35970,46398,10428,66
24210,35970,47730,11760,30
22410,35970,49530,13560,30
19866,35970,52074,16104,66
13566,35970,58374,22404,6
5130,35970,66810,30840,30
35010,36018,37026,1008,18
34146,36018,37890,1872,18
34110,36018,37926,1908,18
31626,36018,40410,4392,18
30366,36018,41670,5652,18
30330,36018,41706,5688,18
29526,36018,42510,6492,6
28314,36018,43722,7704,18
28014,36018,44022,8004,4002
27918,36018,44118,8100,54
26970,36018,45066,9048,174
25290,36018,46746,10728,18
24318,36018,47718,11700,18
21150,36018,50886,14868,18
19866,36018,52170,16152,6
19710,36018,52326,16308,54
14790,36018,57246,21228,174
13950,36018,58086,22068,18
11250,36018,60786,24768,18
34470,36090,37710,1620,90
32994,36090,39186,3096,18
32382,36090,39798,3708,18
32310,36090,39870,3780,90
32190,36090,39990,3900,30
32010,36090,40170,4080,30
31770,36090,40410,4320,90
30114,36090,42066,5976,18
29358,36090,42822,6732,18
28458,36090,43722,7632,18
27990,36090,44190,8100,90
23166,36090,49014,12924,18
21294,36090,50886,14796,18
20010,36090,52170,16080,30
18522,36090,53658,17568,18
8610,36090,63570,27480,30
6270,36090,65910,29820,30
35658,36234,36810,576,18
35178,36234,37290,1056,66
34710,36234,37758,1524,6
33966,36234,38502,2268,54
33030,36234,39438,3204,18
29358,36234,43110,6876,18
28314,36234,44154,7920,198
27990,36234,44478,8244,18
26070,36234,46398,10164,66
25470,36234,46998,10764,18
24738,36234,47730,11496,6
24210,36234,48258,12024,18
20130,36234,52338,16104,4026
16650,36234,55818,19584,18
10890,36234,61578,25344,198
9990,36234,62478,26244,54
5130,36234,67338,31104,54
35970,36498,37026,528,66
33138,36498,39858,3360,42
24822,36498,48174,11676,42
24738,36498,48258,11760,42
23058,36498,49938,13440,42
22110,36498,50886,14388,66
21750,36498,51246,14748,6
20034,36498,52962,16464,42
16758,36498,56238,19740,42
16422,36498,56574,20076,42
7350,36498,65646,29148,42
6270,36498,66726,30228,66
4830,36498,68166,31668,42
4290,36498,68706,32208,66
35406,36582,37758,1176,42
33726,36582,39438,2856,42
33306,36582,39858,3276,546
32994,36582,40170,3588,78
31746,36582,41418,4836,78
31626,36582,41538,4956,42
29946,36582,43218,6636,42
28098,36582,45066,8484,42
26418,36582,46746,10164,42
23142,36582,50022,13440,42
22638,36582,50526,13944,42
21750,36582,51414,14832,6
16926,36582,56238,19656,546
14790,36582,58374,21792,6
11466,36582,61698,25116,546
10290,36582,62874,26292,42
9030,36582,64134,27552,42
35730,36810,37890,1080,90
35658,36810,37962,1152,18
34110,36810,39510,2700,90
29790,36810,43830,7020,90
26622,36810,46998,10188,18
26586,36810,47034,10224,18
25074,36810,48546,11736,18
24090,36810,49530,12720,30
23598,36810,50022,13212,18
21294,36810,52326,15516,18
19470,36810,54150,17340,30
16758,36810,56862,20052,18
15810,36810,57810,21000,30
15246,36810,58374,21564,18
9870,36810,63750,26940,30
35046,36918,38790,1872,18
33966,36918,39870,2952,18
33894,36918,39942,3024,126
32382,36918,41454,4536,126
31806,36918,42030,5112,18
31770,36918,42066,5148,18
30114,36918,43722,6804,126
29358,36918,44478,7560,126
28602,36918,45234,8316,126
25290,36918,48546,11628,18
24822,36918,49014,12096,126
22302,36918,51534,14616,126
20034,36918,53802,16884,126
18522,36918,55314,18396,126
17670,36918,56166,19248,6
16254,36918,57582,20664,126
15498,36918,58338,21420,126
14994,36918,58842,21924,126
11070,36918,62766,25848,18
10962,36918,62874,25956,126
5130,36918,68706,31788,18
36090,37026,37962,936,18
34110,37026,39942,2916,18
32382,37026,41670,4644,18
31230,37026,42822,5796,18
30330,37026,43722,6696,18
28098,37026,45954,8928,18
27918,37026,46134,9108,198
24354,37026,49698,12672,198
24210,37026,49842,12816,18
23430,37026,50622,13596,66
23166,37026,50886,13860,198
22638,37026,51414,14388,66
21714,37026,52338,15312,66
20130,37026,53922,16896,66
18414,37026,55638,18612,198
16470,37026,57582,20556,18
16254,37026,57798,20772,18
15210,37026,58842,21816,18
12690,37026,61362,24336,18
6270,37026,67782,30756,66
5610,37026,68442,31416,1122
5130,37026,68922,31896,18
4950,37026,69102,32076,198
36582,37206,37830,624,78
35730,37206,38682,1476,18
34902,37206,39510,2304,18
34470,37206,39942,2736,18
33030,37206,41382,4176,18
32994,37206,41418,4212,702
32382,37206,42030,4824,18
28458,37206,45954,8748,54
28170,37206,46242,9036,18
28014,37206,46398,9192,6
24390,37206,50022,12816,18
23166,37206,51246,14040,702
21150,37206,53262,16056,18
16926,37206,57486,20280,78
16470,37206,57942,20736,54
11070,37206,63342,26136,54
7590,37206,66822,29616,6
6630,37206,67782,30576,78
36234,37290,38346,1056,66
34710,37290,39870,2580,30
34410,37290,40170,2880,30
31230,37290,43350,6060,30
28182,37290,46398,9108,66
27258,37290,47322,10032,66
24738,37290,49842,12552,6
23166,37290,51414,14124,66
22410,37290,52170,14880,30
21150,37290,53430,16140,30
18942,37290,55638,18348,66
18414,37290,56166,18876,66
16470,37290,58110,20820,30
15246,37290,59334,22044,66
13950,37290,60630,23340,30
7770,37290,66810,29520,30
36090,37638,39186,1548,18
35670,37638,39606,1968,246
35406,37638,39870,2232,18
34146,37638,41130,3492,18
33894,37638,41382,3744,18
33570,37638,41706,4068,18
30366,37638,44910,7272,18
30330,37638,44946,7308,18
28530,37638,46746,9108,18
24390,37638,50886,13248,18
24354,37638,50922,13284,2214
21870,37638,53406,15768,54
20130,37638,55146,17508,6
18414,37638,56862,19224,54
11070,37638,64206,26568,2214
37290,37710,38130,420,30
36918,37710,38502,792,18
36234,37710,39186,1476,18
35010,37710,40410,2700,90
33966,37710,41454,3744,18
32310,37710,43110,5400,90
31230,37710,44190,6480,90
30186,37710,45234,7524,18
29946,37710,45474,7764,6
28098,37710,47322,9612,18
23250,37710,52170,14460,30
16530,37710,58890,21180,30
14790,37710,60630,22920,30
10290,37710,65130,27420,30
8610,37710,66810,29100,30
5610,37710,69810,32100,30
35658,37758,39858,2100,42
35574,37758,39942,2184,42
32382,37758,43134,5376,42
28458,37758,47058,9300,186
27258,37758,48258,10500,42
26970,37758,48546,10788,5394
23142,37758,52374,14616,1218
22134,37758,53382,15624,1302
22110,37758,53406,15648,6
21714,37758,53802,16044,42
19350,37758,56166,18408,6
18942,37758,56574,18816,42
17250,37758,58266,20508,6
15834,37758,59682,21924,1218
12750,37758,62766,25008,6
11718,37758,63798,26040,1302
9870,37758,65646,27888,42
7350,37758,68166,30408,42
35730,37830,39930,2100,30
35670,37830,39990,2160,30
33990,37830,41670,3840,30
32310,37830,43350,5520,30
30186,37830,45474,7644,78
29526,37830,46134,8304,6
28602,37830,47058,9228,6
25974,37830,49686,11856,78
24738,37830,50922,13092,6
18414,37830,57246,19416,6
9750,37830,65910,28080,390
5850,37830,69810,31980,390
4410,37830,71250,33420,30
36810,37890,38970,1080,90
34110,37890,41670,3780,90
31806,37890,43974,6084,18
31626,37890,44154,6264,18
28458,37890,47322,9432,18
24066,37890,51714,13824,18
17766,37890,58014,20124,18
17670,37890,58110,20220,30
14994,37890,60786,22896,18
9870,37890,65910,28020,30
8970,37890,66810,28920,30
34470,37926,41382,3456,18
34146,37926,41706,3780,126
33030,37926,42822,4896,18
28854,37926,46998,9072,126
28530,37926,47322,9396,18
28098,37926,47754,9828,126
27258,37926,48594,10668,42
24930,37926,50922,12996,18
24318,37926,51534,13608,126
23058,37926,52794,14868,126
21294,37926,54558,16632,126
20706,37926,55146,17220,42
20034,37926,55818,17892,126
19866,37926,55986,18060,1806
17766,37926,58086,20160,126
15498,37926,60354,22428,126
13986,37926,61866,23940,126
11718,37926,64134,26208,126
9030,37926,66822,28896,1806
7410,37926,68442,30516,6
6510,37926,69342,31416,42
34470,37962,41454,3492,18
33894,37962,42030,4068,18
31806,37962,44118,6156,1026
31770,37962,44154,6192,18
29790,37962,46134,8172,18
29526,37962,46398,8436,4218
28602,37962,47322,9360,18
28170,37962,47754,9792,18
27750,37962,48174,10212,222
24390,37962,51534,13572,18
24210,37962,51714,13752,18
23598,37962,52326,14364,1026
21714,37962,54210,16248,6
20286,37962,55638,17676,18
19350,37962,56574,18612,18
13986,37962,61938,23976,1998
13950,37962,61974,24012,18
11718,37962,64206,26244,54
8910,37962,67014,29052,54
5130,37962,70794,32832,1026
37290,38130,38970,840,30
36090,38130,40170,2040,30
32190,38130,44070,5940,30
28530,38130,47730,9600,30
28014,38130,48246,10116,6
26418,38130,49842,11712,6
24090,38130,52170,14040,30
22110,38130,54150,16020,30
18450,38130,57810,19680,1230
16926,38130,59334,21204,186
12690,38130,63570,25440,30
37926,38346,38766,420,42
35574,38346,41118,2772,462
35310,38346,41382,3036,66
32214,38346,44478,6132,42
31746,38346,44946,6600,66
31626,38346,45066,6720,42
29946,38346,46746,8400,42
29370,38346,47322,8976,66
28098,38346,48594,10248,42
26070,38346,50622,12276,66
24354,38346,52338,13992,66
24318,38346,52374,14028,42
23430,38346,53262,14916,66
22134,38346,54558,16212,42
20706,38346,55986,17640,42
18354,38346,58338,19992,42
15498,38346,61194,22848,42
14994,38346,61698,23352,42
12558,38346,64134,25788,42
9870,38346,66822,28476,42
8910,38346,67782,29436,66
8250,38346,68442,30096,66
7770,38346,68922,30576,42
7590,38346,69102,30756,66
7350,38346,69342,30996,42
6510,38346,70182,31836,42
5610,38346,71082,32736,66
3990,38346,72702,34356,42
37206,38502,39798,1296,54
33894,38502,43110,4608,18
33030,38502,43974,5472,18
31770,38502,45234,6732,18
29946,38502,47058,8556,4278
28458,38502,48546,10044,1674
27990,38502,49014,10512,18
25470,38502,51534,13032,18
25290,38502,51714,13212,18
24930,38502,52074,13572,18
24210,38502,52794,14292,18
23598,38502,53406,14904,1242
17670,38502,59334,20832,186
16650,38502,60354,21852,18
15810,38502,61194,22692,186
11730,38502,65274,26772,138
11466,38502,65538,27036,18
9990,38502,67014,28512,54
8910,38502,68094,29592,54
6210,38502,70794,32292,1242
37926,38682,39438,756,126
37758,38682,39606,924,42
36234,38682,41130,2448,18
35658,38682,41706,3024,126
34902,38682,42462,3780,126
34146,38682,43218,4536,126
31410,38682,45954,7272,18
31230,38682,46134,7452,18
30366,38682,46998,8316,126
30330,38682,47034,8352,18
25290,38682,52074,13392,18
24318,38682,53046,14364,126
23058,38682,54306,15624,126
21330,38682,56034,17352,18
19350,38682,58014,19332,18
18942,38682,58422,19740,42
18522,38682,58842,20160,126
15498,38682,61866,23184,126
13986,38682,63378,24696,126
13566,38682,63798,25116,42
11718,38682,65646,26964,126
11466,38682,65898,27216,126
5250,38682,72114,33432,42
4590,38682,72774,34092,18
38346,38766,39186,420,42
37926,38766,39606,840,42
34710,38766,42822,4056,78
32214,38766,45318,6552,546
32190,38766,45342,6576,6
29358,38766,48174,9408,42
24738,38766,52794,14028,42
24486,38766,53046,14280,42
21714,38766,55818,17052,42
21294,38766,56238,17472,546
20286,38766,57246,18480,42
15834,38766,61698,22932,546
13398,38766,64134,25368,42
9750,38766,67782,29016,78
8610,38766,68922,30156,42
7350,38766,70182,31416,42
4830,38766,72702,33936,42
4290,38766,73242,34476,78
3990,38766,73542,34776,42
37710,38790,39870,1080,90
37638,38790,39942,1152,18
36090,38790,41490,2700,90
35670,38790,41910,3120,30
35406,38790,42174,3384,18
34470,38790,43110,4320,90
32310,38790,45270,6480,90
31626,38790,45954,7164,18
25542,38790,52038,13248,18
24318,38790,53262,14472,18
23430,38790,54150,15360,30
19470,38790,58110,19320,30
7770,38790,69810,31020,30
38502,38970,39438,468,18
36810,38970,41130,2160,90
36234,38970,41706,2736,18
34110,38970,43830,4860,90
33966,38970,43974,5004,18
33030,38970,44910,5940,90
32994,38970,44946,5976,18
31806,38970,46134,7164,18
30186,38970,47754,8784,18
28098,38970,49842,10872,18
27918,38970,50022,11052,18
22302,38970,55638,16668,18
20130,38970,57810,18840,30
38766,39186,39606,420,42
38502,39186,39870,684,18
37962,39186,40410,1224,18
36918,39186,41454,2268,126
33894,39186,44478,5292,126
33306,39186,45066,5880,42
33138,39186,45234,6048,126
33030,39186,45342,6156,18
32370,39186,46002,6816,6
31626,39186,46746,7560,126
30114,39186,48258,9072,126
29358,39186,49014,9828,126
28530,39186,49842,10656,18
27750,39186,50622,11436,6
24066,39186,54306,15120,126
23058,39186,55314,16128,126
22134,39186,56238,17052,42
20286,39186,58086,18900,126
20034,39186,58338,19152,126
15498,39186,62874,23688,126
14994,39186,63378,24192,126
9030,39186,69342,30156,42
5850,39186,72522,33336,18
5130,39186,73242,34056,18
4830,39186,73542,34356,42
4410,39186,73962,34776,126
38790,39390,39990,600,30
37290,39390,41490,2100,30
35670,39390,43110,3720,30
34710,39390,44070,4680,390
33306,39390,45474,6084,78
32382,39390,46398,7008,6
31746,39390,47034,7644,78
30186,39390,48594,9204,78
25350,39390,53430,14040,390
23142,39390,55638,16248,6
21294,39390,57486,18096,78
15210,39390,63570,24180,390
8970,39390,69810,30420,390
8910,39390,69870,30480,30
37758,39438,41118,1680,42
37206,39438,41670,2232,18
36810,39438,42066,2628,18
35742,39438,43134,3696,42
35658,39438,43218,3780,126
35046,39438,43830,4392,18
34902,39438,43974,4536,126
33966,39438,44910,5472,18
30330,39438,48546,9108,18
28854,39438,50022,10584,126
27990,39438,50886,11448,18
27630,39438,51246,11808,18
25470,39438,53406,13968,18
25074,39438,53802,14364,126
24318,39438,54558,15120,126
23058,39438,55818,16380,126
22638,39438,56238,16800,42
22302,39438,56574,17136,126
21390,39438,57486,18048,6
21294,39438,57582,18144,126
20034,39438,58842,19404,126
18522,39438,60354,20916,126
18090,39438,60786,21348,18
15498,39438,63378,23940,126
8910,39438,69966,30528,18
6210,39438,72666,33228,18
4830,39438,74046,34608,42
37890,39510,41130,1620,90
37638,39510,41382,1872,18
37290,39510,41730,2220,30
35670,39510,43350,3840,30
35046,39510,43974,4464,18
34902,39510,44118,4608,18
34110,39510,44910,5400,90
28098,39510,50922,11412,18
25974,39510,53046,13536,18
20130,39510,58890,19380,30
16254,39510,62766,23256,18
13110,39510,65910,26400,30
7770,39510,71250,31740,30
4290,39510,74730,35220,30
37830,39606,41382,1776,6
37758,39606,41454,1848,42
34146,39606,45066,5460,42
33894,39606,45318,5712,42
32214,39606,46998,7392,42
31482,39606,47730,8124,6
30954,39606,48258,8652,42
29526,39606,49686,10080,42
29370,39606,49842,10236,6
26418,39606,52794,13188,42
25290,39606,53922,14316,6
24066,39606,55146,15540,42
22638,39606,56574,16968,42
15834,39606,63378,23772,42
15498,39606,63714,24108,1722
13566,39606,65646,26040,42
10290,39606,68922,29316,42
9870,39606,69342,29736,42
9030,39606,70182,30576,42
6510,39606,72702,33096,42
5610,39606,73602,33996,6
5250,39606,73962,34356,42
39606,39798,39990,192,6
39186,39798,40410,612,18
37926,39798,41670,1872,18
37890,39798,41706,1908,18
35574,39798,44022,4224,66
35406,39798,44190,4392,18
29754,39798,49842,10044,54
28182,39798,51414,11616,66
27258,39798,52338,12540,66
25290,39798,54306,14508,18
23430,39798,56166,16368,66
22110,39798,57486,17688,4422
21330,39798,58266,18468,54
20706,39798,58890,19092,6
16254,39798,63342,23544,54
13950,39798,65646,25848,18
10962,39798,68634,28836,54
10890,39798,68706,28908,198
8250,39798,71346,31548,66
7650,39798,71946,32148,18
37206,39858,42510,2652,78
36582,39858,43134,3276,546
36498,39858,43218,3360,42
35742,39858,43974,4116,42
30186,39858,49530,9672,78
28182,39858,51534,11676,42
27390,39858,52326,12468,6
23142,39858,56574,16716,42
22134,39858,57582,17724,42
21294,39858,58422,18564,546
20034,39858,59682,19824,42
18522,39858,61194,21336,42
18354,39858,61362,21504,42
9750,39858,69966,30108,78
7770,39858,71946,32088,42
3990,39858,75726,35868,42
37830,39870,41910,2040,30
37710,39870,42030,2160,90
36918,39870,42822,2952,18
36018,39870,43722,3852,18
35670,39870,44070,4200,30
34470,39870,45270,5400,90
32994,39870,46746,6876,18
32010,39870,47730,7860,30
31482,39870,48258,8388,18
28854,39870,50886,11016,18
25530,39870,54210,14340,30
23166,39870,56574,16704,18
17766,39870,61974,22104,18
9870,39870,69870,30000,30
38130,39930,41730,1800,30
37830,39930,42030,2100,30
35742,39930,44118,4188,6
35670,39930,44190,4260,30
33726,39930,46134,6204,66
32802,39930,47058,7128,66
30330,39930,49530,9600,30
26970,39930,52890,12960,30
21750,39930,58110,18180,30
18942,39930,60918,20988,66
13950,39930,65910,25980,30
9990,39930,69870,29940,30
8970,39930,70890,30960,30
8610,39930,71250,31320,30
5130,39930,74730,34800,30
38766,39942,41118,1176,42
38502,39942,41382,1440,18
38346,39942,41538,1596,42
37710,39942,42174,2232,18
35730,39942,44154,4212,18
35406,39942,44478,4536,126
34410,39942,45474,5532,6
33138,39942,46746,6804,126
31626,39942,48258,8316,126
30186,39942,49698,9756,18
29946,39942,49938,9996,42
29358,39942,50526,10584,126
28170,39942,51714,11772,18
26622,39942,53262,13320,18
24738,39942,55146,15204,42
24066,39942,55818,15876,126
22638,39942,57246,17304,42
22302,39942,57582,17640,126
21870,39942,58014,18072,18
18522,39942,61362,21420,126
17250,39942,62634,22692,6
13986,39942,65898,25956,126
11718,39942,68166,28224,126
11250,39942,68634,28692,18
10962,39942,68922,28980,126
9990,39942,69894,29952,18
7770,39942,72114,32172,42
4410,39942,75474,35532,126
34710,39990,45270,5280,30
34470,39990,45510,5520,30
31806,39990,48174,8184,186
29358,39990,50622,10632,6
21870,39990,58110,18120,30
21714,39990,58266,18276,6
19350,39990,60630,20640,1290
5250,39990,74730,34740,30
3990,39990,75990,36000,30
37830,40170,42510,2340,390
37206,40170,43134,2964,78
33306,40170,47034,6864,78
31746,40170,48594,8424,78
30810,40170,49530,9360,390
28170,40170,52170,12000,30
28014,40170,52326,12156,6
26418,40170,53922,13752,6
24354,40170,55986,15816,6
19710,40170,60630,20460,30
15210,40170,65130,24960,390
12558,40170,67782,27612,78
5610,40170,74730,34560,30
39438,40410,41382,972,18
38790,40410,42030,1620,90
37710,40410,43110,2700,90
35310,40410,45510,5100,30
31806,40410,49014,8604,18
27390,40410,53430,13020,30
25974,40410,54846,14436,18
20034,40410,60786,20376,18
17250,40410,63570,23160,30
11718,40410,69102,28692,18
6090,40410,74730,34320,30
4830,40410,75990,35580,30
40170,41118,42066,948,6
37758,41118,44478,3360,42
37290,41118,44946,3828,66
36918,41118,45318,4200,42
36234,41118,46002,4884,66
35178,41118,47058,5940,66
33990,41118,48246,7128,66
32214,41118,50022,8904,42
28854,41118,53382,12264,42
28314,41118,53922,12804,66
27390,41118,54846,13728,66
26418,41118,55818,14700,42
26070,41118,56166,15048,66
19470,41118,62766,21648,66
18522,41118,63714,22596,42
10890,41118,71346,30228,66
10290,41118,71946,30828,42
6510,41118,75726,34608,42
6090,41118,76146,35028,42
4410,41118,77826,36708,42
39798,41130,42462,1332,18
39438,41130,42822,1692,18
37026,41130,45234,4104,18
36918,41130,45342,4212,18
36018,41130,46242,5112,18
30186,41130,52074,10944,18
29526,41130,52734,11604,6
29370,41130,52890,11760,30
28854,41130,53406,12276,18
28602,41130,53658,12528,18
28458,41130,53802,12672,18
26622,41130,55638,14508,18
24318,41130,57942,16812,18
20286,41130,61974,20844,18
15246,41130,67014,25884,18
14790,41130,67470,26340,30
11466,41130,70794,29664,18
6270,41130,75990,34860,30
5250,41130,77010,35880,30
39942,41382,42822,1440,18
38790,41382,43974,2592,18
37290,41382,45474,4092,66
36810,41382,45954,4572,18
36018,41382,46746,5364,18
35730,41382,47034,5652,18
35046,41382,47718,6336,198
35010,41382,47754,6372,18
31230,41382,51534,10152,18
29358,41382,53406,12024,18
28458,41382,54306,12924,18
27918,41382,54846,13464,198
24822,41382,57942,16560,18
24390,41382,58374,16992,18
23430,41382,59334,17952,66
23250,41382,59514,18132,6
22410,41382,60354,18972,18
22134,41382,60630,19248,6
20286,41382,62478,21096,18
20130,41382,62634,21252,66
11070,41382,71694,30312,18
9990,41382,72774,31392,18
8910,41382,73854,32472,198
7590,41382,75174,33792,66
4290,41382,78474,37092,66
41130,41418,41706,288,18
38766,41418,44070,2652,78
38682,41418,44154,2736,18
37926,41418,44910,3492,18
37890,41418,44946,3528,18
36090,41418,46746,5328,18
33306,41418,49530,8112,78
33138,41418,49698,8280,18
32994,41418,49842,8424,702
32310,41418,50526,9108,18
32214,41418,50622,9204,4602
31746,41418,51090,9672,78
29946,41418,52890,11472,6
29790,41418,53046,11628,18
28530,41418,54306,12888,18
27990,41418,54846,13428,18
25974,41418,56862,15444,702
25350,41418,57486,16068,78
24822,41418,58014,16596,18
16926,41418,65910,24492,78
15498,41418,67338,25920,54
12558,41418,70278,28860,78
10890,41418,71946,30528,18
4290,41418,78546,37128,78
39798,41454,43110,1656,18
39186,41454,43722,2268,126
38790,41454,44118,2664,18
37962,41454,44946,3492,18
37638,41454,45270,3816,18
35178,41454,47730,6276,6
33894,41454,49014,7560,126
32382,41454,50526,9072,126
30114,41454,52794,11340,126
29946,41454,52962,11508,42
29526,41454,53382,11928,42
28602,41454,54306,12852,126
24822,41454,58086,16632,126
24486,41454,58422,16968,42
24066,41454,58842,17388,126
21714,41454,61194,19740,1974
21330,41454,61578,20124,18
20034,41454,62874,21420,126
13986,41454,68922,27468,126
13566,41454,69342,27888,42
11070,41454,71838,30384,18
10962,41454,71946,30492,126
9870,41454,73038,31584,1974
6510,41454,76398,34944,42
39870,41490,43110,1620,90
38790,41490,44190,2700,90
38502,41490,44478,2988,18
37710,41490,45270,3780,90
37638,41490,45342,3852,18
37026,41490,45954,4464,18
36582,41490,46398,4908,6
36234,41490,46746,5256,18
35658,41490,47322,5832,18
33966,41490,49014,7524,18
33138,41490,49842,8352,18
30810,41490,52170,10680,30
30186,41490,52794,11304,18
24090,41490,58890,17400,30
21750,41490,61230,19740,30
16254,41490,66726,25236,18
13110,41490,69870,28380,30
11730,41490,71250,29760,30
8250,41490,74730,33240,30
39942,41538,43134,1596,42
39858,41538,43218,1680,42
38130,41538,44946,3408,6
37758,41538,45318,3780,42
36018,41538,47058,5520,138
34902,41538,48174,6636,42
33138,41538,49938,8400,42
32190,41538,50886,9348,6
30186,41538,52890,11352,258
30114,41538,52962,11424,42
27258,41538,55818,14280,42
24738,41538,58338,16800,42
21714,41538,61362,19824,42
18942,41538,64134,22596,42
16254,41538,66822,25284,1806
13110,41538,69966,28428,138
11730,41538,71346,29808,138
10962,41538,72114,30576,42
9030,41538,74046,32508,1806
7350,41538,75726,34188,42
5250,41538,77826,36288,42
39990,41670,43350,1680,30
39510,41670,43830,2160,90
39186,41670,44154,2484,18
37830,41670,45510,3840,30
37206,41670,46134,4464,18
36018,41670,47322,5652,18
31806,41670,51534,9864,18
31626,41670,51714,10044,18
25542,41670,57798,16128,18
25530,41670,57810,16140,30
25074,41670,58266,16596,18
22110,41670,61230,19560,30
20706,41670,62634,20964,6
16530,41670,66810,25140,30
15246,41670,68094,26424,18
8610,41670,74730,33060,30
7350,41670,75990,34320,30
3990,41670,79350,37680,30
41382,41706,42030,324,18
39438,41706,43974,2268,126
39390,41706,44022,2316,6
38502,41706,44910,3204,18
38346,41706,45066,3360,42
36090,41706,47322,5616,18
35658,41706,47754,6048,126
33726,41706,49686,7980,42
33570,41706,49842,8136,18
30366,41706,53046,11340,126
29754,41706,53658,11952,18
28854,41706,54558,12852,126
28098,41706,55314,13608,126
25470,41706,57942,16236,18
25074,41706,58338,16632,126
23058,41706,60354,18648,126
21714,41706,61698,19992,42
20034,41706,63378,21672,126
17766,41706,65646,23940,126
15246,41706,68166,26460,126
14310,41706,69102,27396,18
11718,41706,71694,29988,126
11466,41706,71946,30240,126
10890,41706,72522,30816,18
9870,41706,73542,31836,42
6270,41706,77142,35436,6
39438,41730,44022,2292,6
39390,41730,44070,2340,390
35742,41730,47718,5988,6
35730,41730,47730,6000,30
32370,41730,51090,9360,390
32214,41730,51246,9516,78
31746,41730,51714,9984,78
28314,41730,55146,13416,78
25974,41730,57486,15756,78
25350,41730,58110,16380,390
19710,41730,63750,22020,30
16650,41730,66810,25080,30
13566,41730,69894,28164,6
39990,41910,43830,1920,30
39798,41910,44022,2112,66
38502,41910,45318,3408,6
38346,41910,45474,3564,66
36498,41910,47322,5412,66
36090,41910,47730,5820,30
35574,41910,48246,6336,66
31746,41910,52074,10164,66
31482,41910,52338,10428,66
28182,41910,55638,13728,66
24930,41910,58890,16980,30
24486,41910,59334,17424,66
13950,41910,69870,27960,30
39990,42030,44070,2040,30
39942,42030,44118,2088,18
39870,42030,44190,2160,90
38790,42030,45270,3240,90
37926,42030,46134,4104,18
37026,42030,47034,5004,18
35046,42030,49014,6984,18
33138,42030,50922,8892,18
29754,42030,54306,12276,18
28602,42030,55458,13428,18
25974,42030,58086,16056,18
23430,42030,60630,18600,30
23142,42030,60918,18888,6
21294,42030,62766,20736,18
18522,42030,65538,23508,18
18414,42030,65646,23616,18
17250,42030,66810,24780,30
14250,42030,69810,27780,30
40410,42066,43722,1656,18
39942,42066,44190,2124,18
39186,42066,44946,2880,18
38790,42066,45342,3276,18
38130,42066,46002,3936,246
37890,42066,46242,4176,18
36810,42066,47322,5256,18
34110,42066,50022,7956,18
31806,42066,52326,10260,1026
30330,42066,53802,11736,18
28314,42066,55818,13752,18
28098,42066,56034,13968,18
25290,42066,58842,16776,18
15498,42066,68634,26568,2214
15210,42066,68922,26856,18
14790,42066,69342,27276,6
13950,42066,70182,28116,18
11610,42066,72522,30456,54
11466,42066,72666,30600,18
10890,42066,73242,31176,18
7650,42066,76482,34416,18
41130,42174,43218,1044,18
39870,42174,44478,2304,18
39438,42174,44910,2736,18
38346,42174,46002,3828,66
37290,42174,47058,4884,66
37026,42174,47322,5148,198
36090,42174,48258,6084,18
34410,42174,49938,7764,6
33726,42174,50622,8448,66
32310,42174,52038,9864,18
32010,42174,52338,10164,66
29790,42174,54558,12384,18
28530,42174,55818,13644,18
28314,42174,56034,13860,198
28182,42174,56166,13992,66
25974,42174,58374,16200,54
23430,42174,60918,18744,4686
22410,42174,61938,19764,54
22110,42174,62238,20064,66
21870,42174,62478,20304,54
21714,42174,62634,20460,66
18450,42174,65898,23724,18
16254,42174,68094,25920,54
15246,42174,69102,26928,198
9990,42174,74358,32184,54
41706,42462,43218,756,126
39858,42462,45066,2604,42
39606,42462,45318,2856,42
38970,42462,45954,3492,18
38790,42462,46134,3672,18
38682,42462,46242,3780,126
37926,42462,46998,4536,126
37890,42462,47034,4572,18
37206,42462,47718,5256,18
34902,42462,50022,7560,126
32190,42462,52734,10272,6
30366,42462,54558,12096,126
26586,42462,58338,15876,126
23058,42462,61866,19404,126
16758,42462,68166,25704,126
13986,42462,70938,28476,126
11070,42462,73854,31392,18
10962,42462,73962,31500,126
9750,42462,75174,32712,6
41670,42510,43350,840,30
39510,42510,45510,3000,30
37962,42510,47058,4548,6
37290,42510,47730,5220,30
35178,42510,49842,7332,78
33306,42510,51714,9204,78
30810,42510,54210,11700,390
28854,42510,56166,13656,6
24390,42510,60630,18120,30
16926,42510,68094,25584,78
15210,42510,69810,27300,390
11466,42510,73554,31044,78
10290,42510,74730,32220,30
9030,42510,75990,33480,30
41670,42822,43974,1152,18
41490,42822,44154,1332,18
41454,42822,44190,1368,18
40410,42822,45234,2412,18
40170,42822,45474,2652,78
39510,42822,46134,3312,18
37926,42822,47718,4896,18
37890,42822,47754,4932,18
34110,42822,51534,8712,18
33570,42822,52074,9252,18
33306,42822,52338,9516,4758
32382,42822,53262,10440,18
32214,42822,53430,10608,78
30330,42822,55314,12492,18
30186,42822,55458,12636,702
27630,42822,58014,15192,18
25290,42822,60354,17532,18
24066,42822,61578,18756,18
23670,42822,61974,19152,18
23166,42822,62478,19656,702
22302,42822,63342,20520,54
15834,42822,69810,26988,78
13950,42822,71694,28872,18
11466,42822,74178,31356,234
7650,42822,77994,35172,18
7410,42822,78234,35412,78
42066,43110,44154,1044,18
42030,43110,44190,1080,90
39186,43110,47034,3924,18
38502,43110,47718,4608,18
37962,43110,48258,5148,18
37206,43110,49014,5904,18
34146,43110,52074,8964,18
33894,43110,52326,9216,18
33330,43110,52890,9780,30
32010,43110,54210,11100,30
30186,43110,56034,12924,18
29358,43110,56862,13752,18
24354,43110,61866,18756,18
16254,43110,69966,26856,18
39870,43134,46398,3264,6
36582,43134,49686,6552,546
35742,43134,50526,7392,42
35178,43134,51090,7956,78
33894,43134,52374,9240,42
33306,43134,52962,9828,546
30954,43134,55314,12180,42
30810,43134,55458,12324,6162
28458,43134,57810,14676,6
28182,43134,58086,14952,42
26586,43134,59682,16548,42
25350,43134,60918,17784,78
25074,43134,61194,18060,42
22134,43134,64134,21000,42
16926,43134,69342,26208,546
13566,43134,72702,29568,42
9870,43134,76398,33264,42
9030,43134,77238,34104,42
7590,43134,78678,35544,6
7410,43134,78858,35724,78
42462,43218,43974,756,126
41490,43218,44946,1728,18
41118,43218,45318,2100,42
39438,43218,46998,3780,126
38682,43218,47754,4536,126
37890,43218,48546,5328,18
36498,43218,49938,6720,42
34902,43218,51534,8316,126
34110,43218,52326,9108,18
33030,43218,53406,10188,18
28854,43218,57582,14364,126
28170,43218,58266,15048,18
28098,43218,58338,15120,126
28014,43218,58422,15204,42
25074,43218,61362,18144,126
24738,43218,61698,18480,42
23670,43218,62766,19548,18
23058,43218,63378,20160,126
22638,43218,63798,20580,2058
22302,43218,64134,20916,126
19710,43218,66726,23508,18
16470,43218,69966,26748,18
16254,43218,70182,26964,126
15498,43218,70938,27720,126
13398,43218,73038,29820,42
11718,43218,74718,31500,126
10962,43218,75474,32256,126
10290,43218,76146,32928,2058
8610,43218,77826,34608,42
42510,43350,44190,840,30
41382,43350,45318,1968,6
38970,43350,47730,4380,30
33966,43350,52734,9384,102
26070,43350,60630,17280,30
25470,43350,61230,17880,30
24066,43350,62634,19284,6
16422,43350,70278,26928,102
15810,43350,70890,27540,510
9690,43350,77010,33660,510
42174,43722,45270,1548,18
41490,43722,45954,2232,18
40410,43722,47034,3312,18
39186,43722,48258,4536,126
37758,43722,49686,5964,42
36918,43722,50526,6804,126
35730,43722,51714,7992,18
35406,43722,52038,8316,126
34710,43722,52734,9012,6
33138,43722,54306,10584,126
31806,43722,55638,11916,18
31626,43722,55818,12096,126
31410,43722,56034,12312,18
29358,43722,58086,14364,126
28602,43722,58842,15120,126
25470,43722,61974,18252,18
24066,43722,63378,19656,126
19350,43722,68094,24372,18
18522,43722,68922,25200,126
16650,43722,70794,27072,18
15498,43722,71946,28224,126
13398,43722,74046,30324,42
11718,43722,75726,32004,126
11610,43722,75834,32112,18
11250,43722,76194,32472,18
10962,43722,76482,32760,126
9990,43722,77454,33732,18
8970,43722,78474,34752,6
41706,43830,45954,2124,18
41418,43830,46242,2412,18
39942,43830,47718,3888,18
39930,43830,47730,3900,30
38130,43830,49530,5700,30
37962,43830,49698,5868,18
37638,43830,50022,6192,18
31626,43830,56034,12204,18
24318,43830,63342,19512,18
24090,43830,63570,19740,30
21750,43830,65910,22080,30
17766,43830,69894,26064,18
14994,43830,72666,28836,18
11466,43830,76194,32364,18
43830,43974,44118,144,18
41706,43974,46242,2268,126
37926,43974,50022,6048,126
37026,43974,50922,6948,18
36234,43974,51714,7740,18
35574,43974,52374,8400,42
34902,43974,53046,9072,126
34146,43974,53802,9828,126
32802,43974,55146,11172,42
32310,43974,55638,11664,18
30366,43974,57582,13608,126
29526,43974,58422,14448,42
26586,43974,61362,17388,126
26370,43974,61578,17604,18
25974,43974,61974,18000,18
25470,43974,62478,18504,18
25074,43974,62874,18900,126
22410,43974,65538,21564,18
22302,43974,65646,21672,126
17766,43974,70182,26208,126
17670,43974,70278,26304,6
16254,43974,71694,27720,126
15834,43974,72114,28140,42
15246,43974,72702,28728,126
13986,43974,73962,29988,126
11466,43974,76482,32508,126
43134,44022,44910,888,6
41910,44022,46134,2112,66
39870,44022,48174,4152,6
39798,44022,48246,4224,66
38346,44022,49698,5676,66
35970,44022,52074,8052,66
35670,44022,52374,8352,174
35310,44022,52734,8712,66
33894,44022,54150,10128,6
32010,44022,56034,12012,66
31806,44022,56238,12216,6
28530,44022,59514,15492,6
27258,44022,60786,16764,66
26070,44022,61974,17952,66
22134,44022,65910,21888,6
20706,44022,67338,23316,174
18942,44022,69102,25080,66
17766,44022,70278,26256,6
17250,44022,70794,26772,138
15930,44022,72114,28092,6
42822,44070,45318,1248,78
40410,44070,47730,3660,30
35970,44070,52170,8100,30
35406,44070,52734,8664,6
35178,44070,52962,8892,78
34710,44070,53430,9360,390
33990,44070,54150,10080,30
32994,44070,55146,11076,78
30330,44070,57810,13740,30
28458,44070,59682,15612,6
24390,44070,63750,19680,30
21330,44070,66810,22740,30
17250,44070,70890,26820,30
41490,44118,46746,2628,18
39990,44118,48246,4128,258
37710,44118,50526,6408,18
26370,44118,61866,17748,18
25470,44118,62766,18648,18
24486,44118,63750,19632,6
16254,44118,71982,27864,2322
14994,44118,73242,29124,18
9690,44118,78546,34428,114
42174,44154,46134,1980,198
42066,44154,46242,2088,18
41910,44154,46398,2244,66
36234,44154,52074,7920,198
35970,44154,52338,8184,66
35574,44154,52734,8580,66
35046,44154,53262,9108,198
34902,44154,53406,9252,18
32994,44154,55314,11160,18
30366,44154,57942,13788,18
29370,44154,58938,14784,66
27390,44154,60918,16764,66
26370,44154,61938,17784,18
26070,44154,62238,18084,66
25542,44154,62766,18612,198
24930,44154,63378,19224,18
24738,44154,63570,19416,6
22410,44154,65898,21744,18
21294,44154,67014,22860,18
19866,44154,68442,24288,66
18414,44154,69894,25740,198
16470,44154,71838,27684,18
13950,44154,74358,30204,18
11070,44154,77238,33084,18
8910,44154,79398,35244,198
43110,44190,45270,1080,90
41382,44190,46998,2808,18
38682,44190,49698,5508,18
37758,44190,50622,6432,6
37290,44190,51090,6900,30
32214,44190,56166,11976,6
31806,44190,56574,12384,18
30366,44190,58014,13824,18
30114,44190,58266,14076,18
27750,44190,60630,16440,30
23250,44190,65130,20940,30
20286,44190,68094,23904,18
18414,44190,69966,25776,18
9030,44190,79350,35160,30
43722,44478,45234,756,126
42822,44478,46134,1656,18
40410,44478,48546,4068,18
39942,44478,49014,4536,126
37710,44478,51246,6768,18
36918,44478,52038,7560,126
36582,44478,52374,7896,42
35574,44478,53382,8904,42
34110,44478,54846,10368,18
33138,44478,55818,11340,126
32382,44478,56574,12096,126
30114,44478,58842,14364,126
28602,44478,60354,15876,126
28170,44478,60786,16308,18
27258,44478,61698,17220,42
24822,44478,64134,19656,126
23058,44478,65898,21420,126
22134,44478,66822,22344,42
20034,44478,68922,24444,126
16254,44478,72702,28224,126
14994,44478,73962,29484,126
12558,44478,76398,31920,42
11718,44478,77238,32760,126
10962,44478,77994,33516,126
44478,44910,45342,432,18
42822,44910,46998,2088,18
42066,44910,47754,2844,18
39798,44910,50022,5112,18
37026,44910,52794,7884,18
36018,44910,53802,8892,18
35670,44910,54150,9240,30
32010,44910,57810,12900,30
31806,44910,58014,13104,18
31482,44910,58338,13428,18
28458,44910,61362,16452,18
26070,44910,63750,18840,30
20010,44910,69810,24900,30
13986,44910,75834,30924,18
10962,44910,78858,33948,18
42174,44946,47718,2772,198
39870,44946,50022,5076,18
38970,44946,50922,5976,18
36234,44946,53658,8712,198
36090,44946,53802,8856,18
35970,44946,53922,8976,66
35742,44946,54150,9204,6
35046,44946,54846,9900,198
33726,44946,56166,11220,66
33030,44946,56862,11916,18
32310,44946,57582,12636,18
31806,44946,58086,13140,18
31626,44946,58266,13320,18
30954,44946,58938,13992,66
28530,44946,61362,16416,18
28314,44946,61578,16632,198
27918,44946,61974,17028,198
27258,44946,62634,17688,66
24354,44946,65538,20592,198
23166,44946,66726,21780,198
22110,44946,67782,22836,66
19710,44946,70182,25236,18
16650,44946,73242,28296,18
15930,44946,73962,29016,18
12750,44946,77142,32196,6
43134,45066,46998,1932,42
41538,45066,48594,3528,42
41118,45066,49014,3948,42
39606,45066,50526,5460,42
39510,45066,50622,5556,6
37962,45066,52170,7104,222
37758,45066,52374,7308,1218
35574,45066,54558,9492,42
34146,45066,55986,10920,42
33966,45066,56166,11100,222
33894,45066,56238,11172,42
32190,45066,57942,12876,6438
27258,45066,62874,17808,42
26418,45066,63714,18648,1554
24486,45066,65646,20580,42
16530,45066,73602,28536,174
13986,45066,76146,31080,1554
13110,45066,77022,31956,6
44070,45234,46398,1164,6
43722,45234,46746,1512,126
41454,45234,49014,3780,126
39942,45234,50526,5292,126
38130,45234,52338,7104,6
37206,45234,53262,8028,18
36810,45234,53658,8424,18
35010,45234,55458,10224,18
33894,45234,56574,11340,126
32382,45234,58086,12852,126
31626,45234,58842,13608,126
30954,45234,59514,14280,42
30114,45234,60354,15120,126
28602,45234,61866,16632,126
28530,45234,61938,16704,18
27990,45234,62478,17244,18
24930,45234,65538,20304,18
24822,45234,65646,20412,126
22302,45234,68166,22932,126
20286,45234,70182,24948,126
18522,45234,71946,26712,126
18354,45234,72114,26880,42
17766,45234,72702,27468,126
16926,45234,73542,28308,42
16422,45234,74046,28812,42
14994,45234,75474,30240,126
13986,45234,76482,31248,126
11610,45234,78858,33624,18
11070,45234,79398,34164,18
10962,45234,79506,34272,126
45066,45270,45474,204,6
43218,45270,47322,2052,18
42822,45270,47718,2448,18
38502,45270,52038,6768,18
36234,45270,54306,9036,18
34902,45270,55638,10368,18
33966,45270,56574,11304,18
30186,45270,60354,15084,18
29754,45270,60786,15516,18
28602,45270,61938,16668,18
26970,45270,63570,18300,30
17766,45270,72774,27504,18
15810,45270,74730,29460,30
15498,45270,75042,29772,18
13398,45270,77142,31872,6
42462,45318,48174,2856,42
39390,45318,51246,5928,78
37206,45318,53430,8112,78
35178,45318,55458,10140,78
34470,45318,56166,10848,6
32370,45318,58266,12948,6474
32214,45318,58422,13104,546
31746,45318,58890,13572,78
30954,45318,59682,14364,42
27258,45318,63378,18060,42
24738,45318,65898,20580,42
23166,45318,67470,22152,78
21714,45318,68922,23604,42
21294,45318,69342,24024,546
18942,45318,71694,26376,42
18522,45318,72114,26796,42
13398,45318,77238,31920,42
42510,45342,48174,2832,6
41670,45342,49014,3672,18
39798,45342,50886,5544,198
39438,45342,51246,5904,18
38970,45342,51714,6372,18
38346,45342,52338,6996,66
37890,45342,52794,7452,18
37638,45342,53046,7704,18
37026,45342,53658,8316,198
35046,45342,55638,10296,198
34110,45342,56574,11232,18
32310,45342,58374,13032,18
31746,45342,58938,13596,66
30330,45342,60354,15012,18
27918,45342,62766,17424,198
26970,45342,63714,18372,6
23670,45342,67014,21672,18
19866,45342,70818,25476,66
15210,45342,75474,30132,18
12690,45342,77994,32652,18
44946,45474,46002,528,66
43218,45474,47730,2256,6
41418,45474,49530,4056,78
39858,45474,51090,5616,78
37290,45474,53658,8184,66
37026,45474,53922,8448,66
35310,45474,55638,10164,66
34710,45474,56238,10764,78
33138,45474,57810,12336,6
32010,45474,58938,13464,66
29754,45474,61194,15720,6
29370,45474,61578,16104,66
28314,45474,62634,17160,858
28182,45474,62766,17292,66
23166,45474,67782,22308,858
20130,45474,70818,25344,66
20010,45474,70938,25464,6
19866,45474,71082,25608,66
15246,45474,75702,30228,66
44022,45510,46998,1488,6
41490,45510,49530,4020,30
39930,45510,51090,5580,30
39606,45510,51414,5904,246
38682,45510,52338,6828,6
38130,45510,52890,7380,1230
37758,45510,53262,7752,6
37638,45510,53382,7872,246
36810,45510,54210,8700,30
29790,45510,61230,15720,30
24210,45510,66810,21300,30
21150,45510,69870,24360,30
20130,45510,70890,25380,30
18354,45510,72666,27156,6
13566,45510,77454,31944,6
45510,45954,46398,444,222
44910,45954,46998,1044,18
44190,45954,47718,1764,18
44154,45954,47754,1800,18
42066,45954,49842,3888,54
41382,45954,50526,4572,18
39870,45954,52038,6084,18
38502,45954,53406,7452,1242
37758,45954,54150,8196,6
36090,45954,55818,9864,18
35742,45954,56166,10212,5106
35670,45954,56238,10284,6
35046,45954,56862,10908,54
34110,45954,57798,11844,18
33966,45954,57942,11988,1998
33894,45954,58014,12060,18
33570,45954,58338,12384,18
30330,45954,61578,15624,18
28530,45954,63378,17424,18
26370,45954,65538,19584,18
18354,45954,73554,27600,138
12558,45954,79350,33396,138
44946,46002,47058,1056,66
43830,46002,48174,2172,6
42066,46002,49938,3936,246
41382,46002,50622,4620,66
41118,46002,50886,4884,66
39930,46002,52074,6072,66
38346,46002,53658,7656,66
36018,46002,55986,9984,6
35970,46002,56034,10032,66
33990,46002,58014,12012,66
33894,46002,58110,12108,6
30810,46002,61194,15192,6
29526,46002,62478,16476,6
29370,46002,62634,16632,66
22134,46002,69870,23868,102
22110,46002,69894,23892,66
18450,46002,73554,27552,246
16530,46002,75474,29472,6
15810,46002,76194,30192,102
14994,46002,77010,31008,102
13398,46002,78606,32604,66
45270,46134,46998,864,18
45234,46134,47034,900,18
44946,46134,47322,1188,198
44022,46134,48246,2112,66
43722,46134,48546,2412,18
41382,46134,50886,4752,198
39942,46134,52326,6192,18
39930,46134,52338,6204,66
38346,46134,53922,7788,66
37962,46134,54306,8172,18
37710,46134,54558,8424,18
36810,46134,55458,9324,18
36234,46134,56034,9900,198
35406,46134,56862,10728,18
34470,46134,57798,11664,18
33894,46134,58374,12240,18
33330,46134,58938,12804,66
31482,46134,60786,14652,198
30330,46134,61938,15804,18
29790,46134,62478,16344,18
26622,46134,65646,19512,18
26370,46134,65898,19764,18
25542,46134,66726,20592,198
24930,46134,67338,21204,18
24486,46134,67782,21648,66
23166,46134,69102,22968,198
22302,46134,69966,23832,18
21330,46134,70938,24804,18
20286,46134,71982,25848,18
18414,46134,73854,27720,198
18090,46134,74178,28044,18
15246,46134,77022,30888,198
42462,46242,50022,3780,126
40410,46242,52074,5832,18
39438,46242,53046,6804,126
38682,46242,53802,7560,126
37926,46242,54558,8316,126
37638,46242,54846,8604,18
37026,46242,55458,9216,18
36498,46242,55986,9744,42
34902,46242,57582,11340,126
34470,46242,58014,11772,18
34146,46242,58338,12096,126
34110,46242,58374,12132,18
32802,46242,59682,13440,42
26586,46242,65898,19656,126
25470,46242,67014,20772,18
24390,46242,68094,21852,18
24318,46242,68166,21924,126
23142,46242,69342,23100,42
22302,46242,70182,23940,126
19710,46242,72774,26532,18
18942,46242,73542,27300,42
18522,46242,73962,27720,126
17766,46242,74718,28476,126
16758,46242,75726,29484,126
16650,46242,75834,29592,18
15246,46242,77238,30996,126
14250,46242,78234,31992,6
45474,46398,47322,924,66
45066,46398,47730,1332,222
43110,46398,49686,3288,6
42174,46398,50622,4224,66
41910,46398,50886,4488,66
41706,46398,51090,4692,6
41382,46398,51414,5016,1254
39390,46398,53406,7008,6
36810,46398,55986,9588,6
35310,46398,57486,11088,66
34710,46398,58086,11688,6
32010,46398,60786,14388,66
27258,46398,65538,19140,66
26070,46398,66726,20328,66
25974,46398,66822,20424,222
24354,46398,68442,22044,66
24090,46398,68706,22308,66
21714,46398,71082,24684,66
20130,46398,72666,26268,66
18942,46398,73854,27456,66
16650,46398,76146,29748,222
14250,46398,78546,32148,114
45318,46746,48174,1428,42
45234,46746,48258,1512,126
44946,46746,48546,1800,18
44478,46746,49014,2268,126
41454,46746,52038,5292,882
41418,46746,52074,5328,18
41118,46746,52374,5628,42
39186,46746,54306,7560,126
38346,46746,55146,8400,42
36918,46746,56574,9828,126
35406,46746,58086,11340,126
33138,46746,60354,13608,126
31626,46746,61866,15120,126
30114,46746,63378,16632,126
29358,46746,64134,17388,126
24390,46746,69102,22356,18
23598,46746,69894,23148,18
22410,46746,71082,24336,18
18450,46746,75042,28296,18
17766,46746,75726,28980,126
16470,46746,77022,30276,18
16254,46746,77238,30492,126
15498,46746,77994,31248,126
46242,46998,47754,756,126
44154,46998,49842,2844,18
43974,46998,50022,3024,126
43110,46998,50886,3888,18
42462,46998,51534,4536,126
41670,46998,52326,5328,18
39438,46998,54558,7560,126
38682,46998,55314,8316,126
37962,46998,56034,9036,18
37830,46998,56166,9168,6
37758,46998,56238,9240,42
35730,46998,58266,11268,18
35658,46998,58338,11340,126
35574,46998,58422,11424,42
32802,46998,61194,14196,42
31230,46998,62766,15768,18
29790,46998,64206,17208,18
28458,46998,65538,18540,18
28098,46998,65898,18900,126
25290,46998,68706,21708,18
25074,46998,68922,21924,126
24738,46998,69258,22260,42
23058,46998,70938,23940,126
22302,46998,71694,24696,126
21330,46998,72666,25668,18
21294,46998,72702,25704,126
20034,46998,73962,26964,126
18522,46998,75474,28476,126
16758,46998,77238,30240,126
16254,46998,77742,30744,126
45474,47034,48594,1560,78
42822,47034,51246,4212,702
42030,47034,52038,5004,18
41730,47034,52338,5304,78
40410,47034,53658,6624,18
39858,47034,54210,7176,78
39510,47034,54558,7524,18
37830,47034,56238,9204,78
37206,47034,56862,9828,702
36582,47034,57486,10452,5226
35730,47034,58338,11304,18
35178,47034,58890,11856,78
32370,47034,61698,14664,78
28530,47034,65538,18504,18
28170,47034,65898,18864,18
27258,47034,66810,19776,6
25974,47034,68094,21060,702
23250,47034,70818,23784,6
21294,47034,72774,25740,234
19710,47034,74358,27324,54
19350,47034,74718,27684,18
17670,47034,76398,29364,6
16926,47034,77142,30108,78
15834,47034,78234,31200,78
15210,47034,78858,31824,234
41382,47058,52734,5676,66
38970,47058,55146,8088,6
38130,47058,55986,8928,186
35742,47058,58374,11316,138
35178,47058,58938,11880,66
33330,47058,60786,13728,66
31482,47058,62634,15576,66
30366,47058,63750,16692,6
27390,47058,66726,19668,66
22134,47058,71982,24924,186
18942,47058,75174,28116,66
18414,47058,75702,28644,2046
46398,47322,48246,924,66
44946,47322,49698,2376,198
44118,47322,50526,3204,18
44022,47322,50622,3300,66
43722,47322,50922,3600,18
43110,47322,51534,4212,18
41910,47322,52734,5412,66
41382,47322,53262,5940,198
39798,47322,54846,7524,198
39186,47322,55458,8136,18
35310,47322,59334,12012,66
33726,47322,60918,13596,66
32010,47322,62634,15312,66
31770,47322,62874,15552,18
29370,47322,65274,17952,66
27918,47322,66726,19404,198
27630,47322,67014,19692,18
25542,47322,69102,21780,198
21870,47322,72774,25452,18
20286,47322,74358,27036,18
19470,47322,75174,27852,66
19170,47322,75474,28152,18
18942,47322,75702,28380,66
18450,47322,76194,28872,18
16650,47322,77994,30672,18
44910,47718,50526,2808,18
44190,47718,51246,3528,18
44022,47718,51414,3696,66
43722,47718,51714,3996,18
43110,47718,52326,4608,18
42174,47718,53262,5544,198
42030,47718,53406,5688,18
41130,47718,54306,6588,18
39798,47718,55638,7920,198
37638,47718,57798,10080,18
36498,47718,58938,11220,66
33570,47718,61866,14148,18
32802,47718,62634,14916,66
31230,47718,64206,16488,18
29790,47718,65646,17928,18
29526,47718,65910,18192,6
28098,47718,67338,19620,18
25542,47718,69894,22176,198
25470,47718,69966,22248,18
24354,47718,71082,23364,198
24090,47718,71346,23628,66
23598,47718,71838,24120,18
21390,47718,74046,26328,6
20706,47718,74730,27012,6
19710,47718,75726,28008,18
18414,47718,77022,29304,198
16758,47718,78678,30960,18
15930,47718,79506,31788,18
43134,47730,52326,4596,6
42030,47730,53430,5700,30
41538,47730,53922,6192,258
31746,47730,63714,15984,222
30330,47730,65130,17400,30
30186,47730,65274,17544,258
27990,47730,67470,19740,30
24210,47730,71250,23520,30
20286,47730,75174,27444,6
19470,47730,75990,28260,30
18450,47730,77010,29280,30
43974,47754,51534,3780,126
43134,47754,52374,4620,42
42462,47754,53046,5292,126
41706,47754,53802,6048,126
39870,47754,55638,7884,18
37926,47754,57582,9828,126
37710,47754,57798,10044,18
34146,47754,61362,13608,126
33570,47754,61938,14184,18
33030,47754,62478,14724,18
28170,47754,67338,19584,18
26586,47754,68922,21168,126
25542,47754,69966,22212,18
23670,47754,71838,24084,18
21330,47754,74178,26424,18
21150,47754,74358,26604,18
20034,47754,75474,27720,126
17766,47754,77742,29988,126
16650,47754,78858,31104,18
47754,48174,48594,420,42
44022,48174,52326,4152,6
43974,48174,52374,4200,42
38766,48174,57582,9408,42
37926,48174,58422,10248,42
34410,48174,61938,13764,6882
34110,48174,62238,14064,6
32214,48174,64134,15960,42
30810,48174,65538,17364,6
29526,48174,66822,18648,1554
28182,48174,68166,19992,42
26070,48174,70278,22104,6
25530,48174,70818,22644,222
22302,48174,74046,25872,42
19866,48174,76482,28308,42
18522,48174,77826,29652,42
18354,48174,77994,29820,42
17670,48174,78678,30504,186
44154,48246,52338,4092,66
44118,48246,52374,4128,258
43110,48246,53382,5136,6
38682,48246,57810,9564,6
36810,48246,59682,11436,6
35574,48246,60918,12672,66
33726,48246,62766,14520,66
30954,48246,65538,17292,66
27390,48246,69102,20856,66
26622,48246,69870,21624,102
23250,48246,73242,24996,6
22638,48246,73854,25608,66
22134,48246,74358,26112,102
20010,48246,76482,28236,6
19470,48246,77022,28776,66
19350,48246,77142,28896,258
45270,48258,51246,2988,18
44478,48258,52038,3780,126
44190,48258,52326,4068,18
43722,48258,52794,4536,126
43134,48258,53382,5124,42
43110,48258,53406,5148,18
41670,48258,54846,6588,18
39942,48258,56574,8316,126
38502,48258,58014,9756,18
35730,48258,60786,12528,18
33138,48258,63378,15120,126
32802,48258,63714,15456,42
32382,48258,64134,15876,126
32310,48258,64206,15948,18
29790,48258,66726,18468,18
27258,48258,69258,21000,42
26622,48258,69894,21636,18
24822,48258,71694,23436,126
20034,48258,76482,28224,126
18522,48258,77994,29736,126
46002,48546,51090,2544,6
43830,48546,53262,4716,18
41454,48546,55638,7092,18
39606,48546,57486,8940,6
39510,48546,57582,9036,18
37758,48546,59334,10788,5394
35730,48546,61362,12816,18
30366,48546,66726,18180,18
29754,48546,67338,18792,1566
28458,48546,68634,20088,1674
28170,48546,68922,20376,18
27990,48546,69102,20556,18
27750,48546,69342,20796,6
24390,48546,72702,24156,18
24318,48546,72774,24228,18
21390,48546,75702,27156,186
19350,48546,77742,29196,18
18414,48546,78678,30132,1674
45474,48594,51714,3120,78
41730,48594,55458,6864,78
39942,48594,57246,8652,42
39606,48594,57582,8988,42
39390,48594,57798,9204,78
38766,48594,58422,9828,546
38346,48594,58842,10248,42
34710,48594,62478,13884,6942
30366,48594,66822,18228,42
26370,48594,70818,22224,6
25350,48594,71838,23244,78
25074,48594,72114,23520,42
24486,48594,72702,24108,42
23142,48594,74046,25452,42
21714,48594,75474,26880,42
20706,48594,76482,27888,42
45954,49014,52074,3060,18
45234,49014,52794,3780,126
45066,49014,52962,3948,42
43722,49014,54306,5292,126
41454,49014,56574,7560,126
39942,49014,58086,9072,126
39606,49014,58422,9408,42
39186,49014,58842,9828,126
38346,49014,59682,10668,42
36090,49014,61938,12924,18
33894,49014,64134,15120,126
32382,49014,65646,16632,126
27750,49014,70278,21264,6
24486,49014,73542,24528,42
24066,49014,73962,24948,126
23670,49014,74358,25344,18
22302,49014,75726,26712,126
20286,49014,77742,28728,126
20034,49014,77994,28980,126
19350,49014,78678,29664,18
48174,49530,50886,1356,6
44910,49530,54150,4620,30
42822,49530,56238,6708,78
41118,49530,57942,8412,6
40170,49530,58890,9360,390
37830,49530,61230,11700,390
36582,49530,62478,12948,78
35310,49530,63750,14220,30
28170,49530,70890,21360,30
19710,49530,79350,29820,30
47034,49686,52338,2652,78
46998,49686,52374,2688,42
45066,49686,54306,4620,42
43134,49686,56238,6552,546
42510,49686,56862,7176,78
39858,49686,59514,9828,546
36498,49686,62874,13188,42
35658,49686,63714,14028,42
35574,49686,63798,14112,294
33726,49686,65646,15960,42
30114,49686,69258,19572,42
27390,49686,71982,22296,6
27258,49686,72114,22428,42
23670,49686,75702,26016,6
22134,49686,77238,27552,42
19866,49686,79506,29820,42
19710,49686,79662,29976,6
47322,49698,52074,2376,198
47058,49698,52338,2640,66
46134,49698,53262,3564,198
45474,49698,53922,4224,66
42822,49698,56574,6876,18
41910,49698,57486,7788,66
41454,49698,57942,8244,18
41382,49698,58014,8316,198
41130,49698,58266,8568,18
38766,49698,60630,10932,6
36918,49698,62478,12780,18
36018,49698,63378,13680,18
32382,49698,67014,17316,18
31230,49698,68166,18468,18
30954,49698,68442,18744,66
29526,49698,69870,20172,6
28602,49698,70794,21096,18
28458,49698,70938,21240,18
28314,49698,71082,21384,198
26622,49698,72774,23076,18
25542,49698,73854,24156,198
25350,49698,74046,24348,6
24354,49698,75042,25344,198
23670,49698,75726,26028,18
23250,49698,76146,26448,6
48594,49842,51090,1248,78
45474,49842,54210,4368,78
43110,49842,56574,6732,18
42822,49842,56862,7020,702
41670,49842,58014,8172,18
41418,49842,58266,8424,702
40170,49842,59514,9672,78
38766,49842,60918,11076,5538
37710,49842,61974,12132,18
37206,49842,62478,12636,702
36918,49842,62766,12924,18
36810,49842,62874,13032,18
35970,49842,63714,13872,6
34410,49842,65274,15432,6
34146,49842,65538,15696,18
32214,49842,67470,17628,78
29790,49842,69894,20052,18
28602,49842,71082,21240,18
27990,49842,71694,21852,18
24210,49842,75474,25632,18
20286,49842,79398,29556,18
45954,49938,53922,3984,6
45318,49938,54558,4620,42
42066,49938,57810,7872,246
41538,49938,58338,8400,42
41454,49938,58422,8484,42
38682,49938,61194,11256,42
37638,49938,62238,12300,246
36498,49938,63378,13440,42
35742,49938,64134,14196,42
35670,49938,64206,14268,7134
33966,49938,65910,15972,6
30954,49938,68922,18984,42
28530,49938,71346,21408,6
28182,49938,71694,21756,42
22638,49938,77238,27300,42
22134,49938,77742,27804,42
21330,49938,78546,28608,6
47718,50022,52326,2304,18
46998,50022,53046,3024,126
46242,50022,53802,3780,126
42462,50022,57582,7560,126
42030,50022,58014,7992,18
41706,50022,58338,8316,126
41670,50022,58374,8352,18
38682,50022,61362,11340,126
38346,50022,61698,11676,42
34146,50022,65898,15876,126
33030,50022,67014,16992,18
31410,50022,68634,18612,18
28098,50022,71946,21924,126
24318,50022,75726,25704,126
24210,50022,75834,25812,18
22302,50022,77742,27720,126
49014,50526,52038,1512,126
48258,50526,52794,2268,126
46746,50526,54306,3780,126
45234,50526,55818,5292,126
45066,50526,55986,5460,42
44478,50526,56574,6048,126
44190,50526,56862,6336,18
43110,50526,57942,7416,18
41538,50526,59514,8988,42
39858,50526,61194,10668,42
39186,50526,61866,11340,126
37710,50526,63342,12816,18
36918,50526,64134,13608,126
35406,50526,65646,15120,126
30114,50526,70938,20412,126
29358,50526,71694,21168,126
28530,50526,72522,21996,18
28014,50526,73038,22512,42
25350,50526,75702,25176,6
23598,50526,77454,26928,18
23058,50526,77994,27468,126
21390,50526,79662,29136,6
49530,50622,51714,1092,78
47322,50622,53922,3300,66
47034,50622,54210,3588,78
46398,50622,54846,4224,66
43134,50622,58110,7488,78
42822,50622,58422,7800,78
41910,50622,59334,8712,66
41730,50622,59514,8892,78
38766,50622,62478,11856,78
35970,50622,65274,14652,66
32802,50622,68442,17820,66
27390,50622,73854,23232,66
26070,50622,75174,24552,66
25542,50622,75702,25080,66
23250,50622,77994,27372,6
22638,50622,78606,27984,66
50526,50886,51246,360,18
49698,50886,52074,1188,198
46134,50886,55638,4752,198
45954,50886,55818,4932,18
44910,50886,56862,5976,18
44190,50886,57582,6696,18
43974,50886,57798,6912,18
43830,50886,57942,7056,18
43350,50886,58422,7536,6
41418,50886,60354,9468,18
40410,50886,61362,10476,18
39798,50886,61974,11088,198
37638,50886,64134,13248,18
36498,50886,65274,14388,66
36234,50886,65538,14652,198
35046,50886,66726,15840,198
33990,50886,67782,16896,66
33330,50886,68442,17556,66
33138,50886,68634,17748,18
31806,50886,69966,19080,18
30954,50886,70818,19932,66
29790,50886,71982,21096,18
28530,50886,73242,22356,18
28170,50886,73602,22716,18
27918,50886,73854,22968,198
26070,50886,75702,24816,66
25290,50886,76482,25596,18
24318,50886,77454,26568,18
23166,50886,78606,27720,198
46998,50922,54846,3924,18
45270,50922,56574,5652,18
43830,50922,58014,7092,18
42510,50922,59334,8412,6
41490,50922,60354,9432,18
39870,50922,61974,11052,18
39606,50922,62238,11316,5658
38970,50922,62874,11952,18
38502,50922,63342,12420,1242
38130,50922,63714,12792,246
37710,50922,64134,13212,18
37638,50922,64206,13284,2214
33138,50922,68706,17784,18
30954,50922,70890,19968,6
28602,50922,73242,22320,18
27990,50922,73854,22932,18
26370,50922,75474,24552,18
24822,50922,77022,26100,18
24390,50922,77454,26532,18
23166,50922,78678,27756,54
49842,51090,52338,1248,78
48258,51090,53922,2832,6
47034,51090,55146,4056,78
45318,51090,56862,5772,78
44070,51090,58110,7020,390
39942,51090,62238,11148,6
34710,51090,67470,16380,390
32370,51090,69810,18720,390
32310,51090,69870,18780,30
32214,51090,69966,18876,78
24354,51090,77826,26736,6
49698,51246,52794,1548,18
49530,51246,52962,1716,78
47034,51246,55458,4212,702
44910,51246,57582,6336,18
44478,51246,58014,6768,18
44154,51246,58338,7092,18
44118,51246,58374,7128,54
44070,51246,58422,7176,78
41706,51246,60786,9540,18
41130,51246,61362,10116,18
39858,51246,62634,11388,5694
36582,51246,65910,14664,78
35670,51246,66822,15576,6
34710,51246,67782,16536,78
33570,51246,68922,17676,18
32310,51246,70182,18936,18
32214,51246,70278,19032,78
31410,51246,71082,19836,18
29790,51246,72702,21456,18
28530,51246,73962,22716,18
28314,51246,74178,22932,234
25470,51246,77022,25776,18
25350,51246,77142,25896,78
23142,51246,79350,28104,6
49938,51414,52890,1476,246
45342,51414,57486,6072,66
41910,51414,60918,9504,66
41130,51414,61698,10284,6
37290,51414,65538,14124,66
36918,51414,65910,14496,6
36018,51414,66810,15396,6
35046,51414,67782,16368,66
33726,51414,69102,17688,66
33570,51414,69258,17844,6
32010,51414,70818,19404,66
31746,51414,71082,19668,66
31482,51414,71346,19932,66
29790,51414,73038,21624,6
28098,51414,74730,23316,6
24354,51414,78474,27060,2706
23430,51414,79398,27984,66
50022,51534,53046,1512,126
49686,51534,53382,1848,42
47754,51534,55314,3780,126
47034,51534,56034,4500,18
45270,51534,57798,6264,18
41706,51534,61362,9828,126
41490,51534,61578,10044,18
41130,51534,61938,10404,18
35730,51534,67338,15804,18
34902,51534,68166,16632,126
34146,51534,68922,17388,126
33966,51534,69102,17568,18
33726,51534,69342,17808,42
31230,51534,71838,20304,18
30954,51534,72114,20580,42
30366,51534,72702,21168,126
29526,51534,73542,22008,42
26586,51534,76482,24948,126
25074,51534,77994,26460,126
24390,51534,78678,27144,18
24210,51534,78858,27324,18
23670,51534,79398,27864,18
51090,51714,52338,624,78
50022,51714,53406,1692,18
45342,51714,58086,6372,18
45318,51714,58110,6396,78
42510,51714,60918,9204,78
42066,51714,61362,9648,18
41730,51714,61698,9984,78
41490,51714,61938,10224,18
41454,51714,61974,10260,18
39858,51714,63570,11856,78
37890,51714,65538,13824,18
36090,51714,67338,15624,18
31482,51714,71946,20232,18
30186,51714,73242,21528,234
26418,51714,77010,25296,102
25974,51714,77454,25740,234
24822,51714,78606,26892,18
48258,52038,55818,3780,126
46134,52038,57942,5904,18
45234,52038,58842,6804,126
43722,52038,60354,8316,126
39942,52038,64134,12096,126
39870,52038,64206,12168,18
34110,52038,69966,17928,18
33894,52038,70182,18144,126
33138,52038,70938,18900,126
32994,52038,71082,19044,18
32382,52038,71694,19656,126
31410,52038,72666,20628,18
30114,52038,73962,21924,126
29358,52038,74718,22680,126
28602,52038,75474,23436,126
26622,52038,77454,25416,18
25530,52038,78546,26508,6
25470,52038,78606,26568,18
51414,52074,52734,660,66
50886,52074,53262,1188,198
49938,52074,54210,2136,6
49842,52074,54306,2232,18
46134,52074,58014,5940,198
42174,52074,61974,9900,198
41910,52074,62238,10164,66
41670,52074,62478,10404,18
41382,52074,62766,10692,198
39942,52074,64206,12132,18
38502,52074,65646,13572,18
36810,52074,67338,15264,18
35046,52074,69102,17028,198
33966,52074,70182,18108,18
33330,52074,70818,18744,66
32802,52074,71346,19272,66
32310,52074,71838,19764,18
31626,52074,72522,20448,18
31482,52074,72666,20592,198
30186,52074,73962,21888,18
29790,52074,74358,22284,18
28314,52074,75834,23760,198
27750,52074,76398,24324,6
25542,52074,78606,26532,198
25470,52074,78678,26604,18
25290,52074,78858,26784,18
24486,52074,79662,27588,66
48174,52170,56166,3996,222
46398,52170,57942,5772,222
46002,52170,58338,6168,6
43110,52170,61230,9060,30
41706,52170,62634,10464,6
34470,52170,69870,17700,30
32994,52170,71346,19176,282
51246,52326,53406,1080,54
49014,52326,55638,3312,18
45318,52326,59334,7008,6
44022,52326,60630,8304,6
42174,52326,62478,10152,54
37926,52326,66726,14400,18
37830,52326,66822,14496,6
37638,52326,67014,14688,918
36018,52326,68634,16308,54
35730,52326,68922,16596,18
35310,52326,69342,17016,6
34470,52326,70182,17856,18
33570,52326,71082,18756,18
33306,52326,71346,19020,6
31410,52326,73242,20916,18
28458,52326,76194,23868,918
28170,52326,76482,24156,18
27630,52326,77022,24696,18
26418,52326,78234,25908,102
25974,52326,78678,26352,54
51714,52338,52962,624,78
51414,52338,53262,924,66
51246,52338,53430,1092,78
50526,52338,54150,1812,6
49530,52338,55146,2808,78
45342,52338,59334,6996,66
41910,52338,62766,10428,66
38766,52338,65910,13572,78
37206,52338,67470,15132,78
36582,52338,68094,15756,78
36234,52338,68442,16104,4026
35970,52338,68706,16368,66
35574,52338,69102,16764,66
34710,52338,69966,17628,78
33330,52338,71346,19008,66
32010,52338,72666,20328,66
29946,52338,74730,22392,6
28530,52338,76146,23808,6
26070,52338,78606,26268,66
51090,52374,53658,1284,6
48174,52374,56574,4200,42
45234,52374,59514,7140,42
45066,52374,59682,7308,1218
44118,52374,60630,8256,258
43830,52374,60918,8544,6
42510,52374,62238,9864,6
37926,52374,66822,14448,1806
36582,52374,68166,15792,42
35406,52374,69342,16968,42
34470,52374,70278,17904,6
32802,52374,71946,19572,42
28602,52374,76146,23772,42
26070,52374,78678,26304,6
52038,52734,53430,696,6
50622,52734,54846,2112,66
46134,52734,59334,6600,66
45954,52734,59514,6780,6
41670,52734,63798,11064,6
39930,52734,65538,12804,66
38130,52734,67338,14604,6
37026,52734,68442,15708,1122
35658,52734,69810,17076,6
35574,52734,69894,17160,66
32802,52734,72666,19932,66
28458,52734,77010,24276,102
28014,52734,77454,24720,6
26070,52734,79398,26664,66
52326,52794,53262,468,18
49014,52794,56574,3780,126
47322,52794,58266,5472,18
46746,52794,58842,6048,126
45234,52794,60354,7560,126
43722,52794,61866,9072,126
43350,52794,62238,9444,6
43110,52794,62478,9684,18
42822,52794,62766,9972,18
41454,52794,64134,11340,126
41382,52794,64206,11412,18
39942,52794,65646,12852,126
38766,52794,66822,14028,42
35406,52794,70182,17388,126
35310,52794,70278,17484,6
33894,52794,71694,18900,126
31626,52794,73962,21168,126
31410,52794,74178,21384,18
31230,52794,74358,21564,18
30114,52794,75474,22680,126
29754,52794,75834,23040,18
52374,52890,53406,516,258
42066,52890,63714,10824,246
42030,52890,63750,10860,30
39870,52890,65910,13020,30
38970,52890,66810,13920,30
38766,52890,67014,14124,6
35970,52890,69810,16920,30
29946,52890,75834,22944,6
29790,52890,75990,23100,30
51714,52962,54210,1248,78
49938,52962,55986,3024,42
49686,52962,56238,3276,546
47034,52962,58890,5928,78
46242,52962,59682,6720,42
42174,52962,63750,10788,6
37830,52962,68094,15132,7566
37758,52962,68166,15204,42
37290,52962,68634,15672,6
36582,52962,69342,16380,546
35742,52962,70182,17220,42
32382,52962,73542,20580,42
32370,52962,73554,20592,78
31746,52962,74178,21216,78
29526,52962,76398,23436,42
28182,52962,77742,24780,42
28098,52962,77826,24864,42
26418,52962,79506,26544,42
52170,53046,53922,876,6
51534,53046,54558,1512,126
51246,53046,54846,1800,18
47754,53046,58338,5292,126
47718,53046,58374,5328,18
44154,53046,61938,8892,18
44118,53046,61974,8928,18
43218,53046,62874,9828,126
37926,53046,68166,15120,126
35010,53046,71082,18036,18
34146,53046,71946,18900,126
34110,53046,71982,18936,18
33570,53046,72522,19476,18
30366,53046,75726,22680,126
29946,53046,76146,23100,42
28854,53046,77238,24192,126
28098,53046,77994,24948,126
52374,53262,54150,888,6
50886,53262,55638,2376,198
48258,53262,58266,5004,18
44946,53262,61578,8316,198
39798,53262,66726,13464,198
39510,53262,67014,13752,18
39186,53262,67338,14076,18
37890,53262,68634,15372,18
35730,53262,70794,17532,18
35178,53262,71346,18084,66
34410,53262,72114,18852,6
31806,53262,74718,21456,18
31482,53262,75042,21780,198
30330,53262,76194,22932,18
28530,53262,77994,24732,18
27918,53262,78606,25344,198
52962,53382,53802,420,42
50526,53382,56238,2856,42
46134,53382,60630,7248,6
45066,53382,61698,8316,42
41490,53382,65274,11892,6
41118,53382,65646,12264,42
39942,53382,66822,13440,42
38130,53382,68634,15252,7626
36582,53382,70182,16800,42
35970,53382,70794,17412,6
33990,53382,72774,19392,6
33726,53382,73038,19656,42
32802,53382,73962,20580,42
30366,53382,76398,23016,42
29754,53382,77010,23628,6
29526,53382,77238,23856,42
28530,53382,78234,24852,6
27258,53382,79506,26124,42
52890,53406,53922,516,258
49014,53406,57798,4392,18
48546,53406,58266,4860,54
45234,53406,61578,8172,18
44946,53406,61866,8460,18
41538,53406,65274,11868,5934
39990,53406,66822,13416,258
39798,53406,67014,13608,54
37890,53406,68922,15516,18
37710,53406,69102,15696,18
36918,53406,69894,16488,18
36018,53406,70794,17388,1242
35730,53406,71082,17676,18
34146,53406,72666,19260,18
34110,53406,72702,19296,18
33570,53406,73242,19836,18
31770,53406,75042,21636,18
30330,53406,76482,23076,18
29790,53406,77022,23616,18
29358,53406,77454,24048,18
51714,53430,55146,1716,78
50622,53430,56238,2808,78
48594,53430,58266,4836,78
43110,53430,63750,10320,30
41730,53430,65130,11700,390
39390,53430,67470,14040,390
38766,53430,68094,14664,78
37758,53430,69102,15672,6
36582,53430,70278,16848,78
35970,53430,70890,17460,30
33306,53430,73554,20124,78
28314,53430,78546,25116,78
28182,53430,78678,25248,6
52170,53658,55146,1488,6
46398,53658,60918,7260,66
45954,53658,61362,7704,18
45342,53658,61974,8316,198
43974,53658,63342,9684,18
43110,53658,64206,10548,18
41670,53658,65646,11988,18
41418,53658,65898,12240,18
38682,53658,68634,14976,18
36498,53658,70818,17160,66
36234,53658,71082,17424,198
35970,53658,71346,17688,66
33138,53658,74178,20520,18
31482,53658,75834,22176,198
28458,53658,78858,25200,18
27918,53658,79398,25740,198
53046,53802,54558,756,126
50022,53802,57582,3780,126
46242,53802,61362,7560,126
42066,53802,65538,11736,18
41706,53802,65898,12096,126
39510,53802,68094,14292,18
39438,53802,68166,14364,126
38970,53802,68634,14832,18
38682,53802,68922,15120,126
38502,53802,69102,15300,18
38346,53802,69258,15456,42
37710,53802,69894,16092,18
37638,53802,69966,16164,18
36810,53802,70794,16992,18
35658,53802,71946,18144,126
34902,53802,72702,18900,126
31770,53802,75834,22032,18
31410,53802,76194,22392,18
30366,53802,77238,23436,126
29370,53802,78234,24432,6
47058,53922,60786,6864,66
41118,53922,66726,12804,66
38502,53922,69342,15420,6
37026,53922,70818,16896,66
36498,53922,71346,17424,66
35730,53922,72114,18192,6
35178,53922,72666,18744,66
33990,53922,73854,19932,66
32802,53922,75042,21120,66
32370,53922,75474,21552,6
32010,53922,75834,21912,66
29370,53922,78474,24552,66
41490,54150,66810,12660,30
39858,54150,68442,14292,6
33570,54150,74730,20580,30
32310,54150,75990,21840,30
29754,54150,78546,24396,114
52962,54210,55458,1248,78
50622,54210,57798,3588,78
49530,54210,58890,4680,390
47058,54210,61362,7152,6
42510,54210,65910,11700,390
36582,54210,71838,17628,78
35178,54210,73242,19032,78
31410,54210,77010,22800,30
30186,54210,78234,24024,78
29946,54210,78474,24264,6
52794,54306,55818,1512,126
52374,54306,56238,1932,42
52038,54306,56574,2268,126
50526,54306,58086,3780,126
48258,54306,60354,6048,126
47034,54306,61578,7272,18
46746,54306,61866,7560,126
46134,54306,62478,8172,18
45270,54306,63342,9036,18
45234,54306,63378,9072,126
44478,54306,64134,9828,126
40170,54306,68442,14136,6
39510,54306,69102,14796,18
36918,54306,71694,17388,126
36498,54306,72114,17808,42
36090,54306,72522,18216,18
35574,54306,73038,18732,42
35010,54306,73602,19296,18
33894,54306,74718,20412,126
33570,54306,75042,20736,18
33138,54306,75474,21168,126
32214,54306,76398,22092,42
29754,54306,78858,24552,18
53802,54558,55314,756,126
53658,54558,55458,900,18
51534,54558,57582,3024,126
47754,54558,61362,6804,126
46242,54558,62874,8316,126
45318,54558,63798,9240,42
44910,54558,64206,9648,18
43218,54558,65898,11340,126
40410,54558,68706,14148,18
39858,54558,69258,14700,42
35574,54558,73542,18984,42
53658,54846,56034,1188,198
47754,54846,61938,7092,18
47718,54846,61974,7128,198
47058,54846,62634,7788,66
44154,54846,65538,10692,198
41910,54846,67782,12936,66
39798,54846,69894,15048,198
39510,54846,70182,15336,18
38346,54846,71346,16500,66
37710,54846,71982,17136,18
37026,54846,72666,17820,198
36918,54846,72774,17928,18
36090,54846,73602,18756,18
35730,54846,73962,19116,18
33990,54846,75702,20856,66
33966,54846,75726,20880,18
54306,55146,55986,840,42
53430,55146,56862,1716,78
53046,55146,57246,2100,42
49938,55146,60354,5208,42
48594,55146,61698,6552,546
42822,55146,67470,12324,78
42510,55146,67782,12636,78
38346,55146,71946,16800,42
35574,55146,74718,19572,42
34146,55146,76146,21000,42
33894,55146,76398,21252,42
31746,55146,78546,23400,78
53382,55314,57246,1932,42
53046,55314,57582,2268,126
49842,55314,60786,5472,18
47754,55314,62874,7560,126
47058,55314,63570,8256,6
42462,55314,68166,12852,126
41706,55314,68922,13608,126
38790,55314,71838,16524,18
38682,55314,71946,16632,126
37962,55314,72666,17352,18
37926,55314,72702,17388,126
37026,55314,73602,18288,18
36582,55314,74046,18732,42
34902,55314,75726,20412,126
34146,55314,76482,21168,126
32802,55314,77826,22512,42
31770,55314,78858,23544,18
31230,55314,79398,24084,18
53430,55458,57486,2028,78
52074,55458,58842,3384,18
49686,55458,61230,5772,78
45270,55458,65646,10188,18
44190,55458,66726,11268,18
43134,55458,67782,12324,6162
42822,55458,68094,12636,702
38970,55458,71946,16488,18
35742,55458,75174,19716,6
33894,55458,77022,21564,18
32370,55458,78546,23088,78
32310,55458,78606,23148,18
53262,55638,58014,2376,198
52338,55638,58938,3300,66
50922,55638,60354,4716,18
49698,55638,61578,5940,198
46002,55638,65274,9636,66
43110,55638,68166,12528,18
42174,55638,69102,13464,198
41382,55638,69894,14256,198
39930,55638,71346,15708,66
39438,55638,71838,16200,18
38502,55638,72774,17136,18
36918,55638,74358,18720,18
36234,55638,75042,19404,198
35574,55638,75702,20064,66
32802,55638,78474,22836,66
54150,55818,57486,1668,6
53262,55818,58374,2556,18
52794,55818,58842,3024,126
49938,55818,61698,5880,42
49698,55818,61938,6120,18
48258,55818,63378,7560,126
44910,55818,66726,10908,18
41670,55818,69966,14148,18
41454,55818,70182,14364,126
39942,55818,71694,15876,126
39798,55818,71838,16020,18
38970,55818,72666,16848,18
36918,55818,74718,18900,126
33894,55818,77742,21924,126
33030,55818,78606,22788,18
48594,55986,63378,7392,42
48258,55986,63714,7728,42
48174,55986,63798,7812,1302
44190,55986,67782,11796,6
39990,55986,71982,15996,7998
39858,55986,72114,16128,42
37926,55986,74046,18060,1806
36498,55986,75474,19488,42
35574,55986,76398,20412,42
34146,55986,77826,21840,42
53802,56034,58266,2232,18
52734,56034,59334,3300,66
51714,56034,60354,4320,18
45342,56034,66726,10692,198
43974,56034,68094,12060,18
42174,56034,69894,13860,198
41130,56034,70938,14904,18
37890,56034,74178,18144,18
37710,56034,74358,18324,18
37026,56034,75042,19008,198
36234,56034,75834,19800,198
35670,56034,76398,20364,6
35046,56034,77022,20988,198
54846,56166,57486,1320,66
51414,56166,60918,4752,66
49698,56166,62634,6468,66
47058,56166,65274,9108,1518
45510,56166,66822,10656,222
45318,56166,67014,10848,6
42462,56166,69870,13704,6
41538,56166,70794,14628,138
38790,56166,73542,17376,6
37290,56166,75042,18876,66
36498,56166,75834,19668,66
35310,56166,77022,20856,66
33726,56166,78606,22440,66
54210,56238,58266,2028,78
52962,56238,59514,3276,546
52794,56238,59682,3444,42
51246,56238,61230,4992,78
49842,56238,62634,6396,78
43218,56238,69258,13020,42
43134,56238,69342,13104,546
42510,56238,69966,13728,78
41538,56238,70938,14700,42
41130,56238,71346,15108,6
39438,56238,73038,16800,42
37758,56238,74718,18480,42
54306,56574,58842,2268,126
54210,56574,58938,2364,6
52794,56574,60354,3780,126
49014,56574,64134,7560,126
46134,56574,67014,10440,18
42066,56574,71082,14508,18
41454,56574,71694,15120,126
39606,56574,73542,16968,42
39186,56574,73962,17388,126
38970,56574,74178,17604,18
38790,56574,74358,17784,18
35406,56574,77742,21168,126
34470,56574,78678,22104,18
55638,56862,58086,1224,18
55458,56862,58266,1404,702
54210,56862,59514,2652,78
51246,56862,62478,5616,702
51090,56862,62634,5772,78
48594,56862,65130,8268,78
46998,56862,66726,9864,18
43830,56862,69894,13032,18
42030,56862,71694,14832,18
40170,56862,73554,16692,78
39870,56862,73854,16992,18
38682,56862,75042,18180,18
37890,56862,75834,18972,18
36582,56862,77142,20280,78
35730,56862,77994,21132,18
35178,56862,78546,21684,78
35046,56862,78678,21816,54
53262,57246,61230,3984,6
52794,57246,61698,4452,42
50922,57246,63570,6324,6
48594,57246,65898,8652,42
46398,57246,68094,10848,6
45234,57246,69258,12012,42
42510,57246,71982,14736,6
41454,57246,73038,15792,1974
38790,57246,75702,18456,6
38766,57246,75726,18480,42
38502,57246,75990,18744,6
38346,57246,76146,18900,42
36498,57246,77994,20748,42
36018,57246,78474,21228,174
56862,57486,58110,624,78
56034,57486,58938,1452,66
55638,57486,59334,1848,66
55458,57486,59514,2028,78
52734,57486,62238,4752,66
52338,57486,62634,5148,858
49842,57486,65130,7644,78
49698,57486,65274,7788,66
48246,57486,66726,9240,66
44154,57486,70818,13332,66
43722,57486,71250,13764,6
43134,57486,71838,14352,78
41730,57486,73242,15756,78
41418,57486,73554,16068,78
41118,57486,73854,16368,66
39930,57486,75042,17556,66
39798,57486,75174,17688,4422
37962,57486,77010,19524,6
37830,57486,77142,19656,78
36498,57486,78474,20988,66
35574,57486,79398,21912,66
53802,57582,61362,3780,126
51414,57582,63750,6168,6
46998,57582,68166,10584,126
46242,57582,68922,11340,126
45270,57582,69894,12312,18
43218,57582,71946,14364,126
42462,57582,72702,15120,126
41118,57582,74046,16464,42
39990,57582,75174,17592,6
39438,57582,75726,18144,126
38970,57582,76194,18612,18
38766,57582,76398,18816,42
38682,57582,76482,18900,126
37926,57582,77238,19656,126
37710,57582,77454,19872,18
57582,57798,58014,216,18
57486,57798,58110,312,78
53658,57798,61938,4140,18
52962,57798,62634,4836,78
49698,57798,65898,8100,18
49686,57798,65910,8112,1014
48258,57798,67338,9540,18
45318,57798,70278,12480,78
42822,57798,72774,14976,234
41418,57798,74178,16380,234
39870,57798,75726,17928,18
39606,57798,75990,18192,6
36918,57798,78678,20880,18
36090,57798,79506,21708,18
57246,57810,58374,564,282
53922,57810,61698,3888,6
53382,57810,62238,4428,246
51414,57810,64206,6396,246
45342,57810,70278,12468,6
42066,57810,73554,15744,246
54306,57942,61578,3636,18
53406,57942,62478,4536,54
52170,57942,63714,5772,222
48546,57942,67338,9396,1566
47718,57942,68166,10224,18
45066,57942,70818,12876,6438
44946,57942,70938,12996,18
44190,57942,71694,13752,18
43218,57942,72666,14724,18
43110,57942,72774,14832,18
42030,57942,73854,15912,18
41706,57942,74178,16236,18
40410,57942,75474,17532,18
37890,57942,77994,20052,18
37206,57942,78678,20736,54
37026,57942,78858,20916,18
53262,58014,62766,4752,198
49014,58014,67014,9000,18
48246,58014,67782,9768,66
47322,58014,68706,10692,198
46134,58014,69894,11880,198
45234,58014,70794,12780,18
44946,58014,71082,13068,198
44190,58014,71838,13824,18
42174,58014,73854,15840,198
42066,58014,73962,15948,18
41670,58014,74358,16344,18
38790,58014,77238,19224,18
57798,58086,58374,288,18
55818,58086,60354,2268,126
54306,58086,61866,3780,126
53406,58086,62766,4680,18
52794,58086,63378,5292,126
52374,58086,63798,5712,42
52038,58086,64134,6048,126
50526,58086,65646,7560,126
47730,58086,68442,10356,6
45234,58086,70938,12852,126
44478,58086,71694,13608,126
44190,58086,71982,13896,18
43134,58086,73038,14952,42
41454,58086,74718,16632,126
41130,58086,75042,16956,18
38346,58086,77826,19740,42
57798,58110,58422,312,78
51090,58110,65130,7020,390
42174,58110,74046,15936,6
41490,58110,74730,16620,30
38766,58110,77454,19344,78
58110,58266,58422,156,78
54558,58266,61974,3708,18
53658,58266,62874,4608,18
52962,58266,63570,5304,78
52734,58266,63798,5532,6
52326,58266,64206,5940,54
50886,58266,65646,7380,18
50622,58266,65910,7644,78
43830,58266,72702,14436,18
42174,58266,74358,16092,54
41490,58266,75042,16776,18
39510,58266,77022,18756,18
39390,58266,77142,18876,78
38790,58266,77742,19476,18
37926,58266,78606,20340,18
37026,58266,79506,21240,18
55314,58338,61362,3024,126
53802,58338,62874,4536,126
52962,58338,63714,5376,42
47754,58338,68922,10584,126
46398,58338,70278,11940,6
44154,58338,72522,14184,18
43974,58338,72702,14364,126
43134,58338,73542,15204,42
42822,58338,73854,15516,18
39438,58338,77238,18900,126
38682,58338,77994,19656,126
38130,58338,78546,20208,6
57810,58374,58938,564,282
53406,58374,63342,4968,1242
50022,58374,66726,8352,18
49938,58374,66810,8436,6
45954,58374,70794,12420,1242
44910,58374,71838,13464,18
43974,58374,72774,14400,18
42030,58374,74718,16344,18
41706,58374,75042,16668,18
39606,58374,77142,18768,138
39510,58374,77238,18864,18
37890,58374,78858,20484,18
55146,58422,61698,3276,546
54210,58422,62634,4212,78
53046,58422,63798,5376,42
51714,58422,65130,6708,78
50022,58422,66822,8400,42
47034,58422,69810,11388,78
45954,58422,70890,12468,6
44070,58422,72774,14352,78
41670,58422,75174,16752,6
41118,58422,75726,17304,42
39606,58422,77238,18816,42
39390,58422,77454,19032,78
55986,58842,61698,2856,42
55818,58842,61866,3024,126
54306,58842,63378,4536,126
52038,58842,65646,6804,126
47718,58842,69966,11124,18
46746,58842,70938,12096,126
44910,58842,72774,13932,18
43830,58842,73854,15012,18
43722,58842,73962,15120,126
42510,58842,75174,16332,6
41538,58842,76146,17304,42
41490,58842,76194,17352,18
39942,58842,77742,18900,126
39858,58842,77826,18984,42
58266,58890,59514,624,78
56862,58890,60918,2028,78
55146,58890,62634,3744,78
54210,58890,63570,4680,390
49686,58890,68094,9204,78
41382,58890,76398,17508,6
57246,58938,60630,1692,282
55638,58938,62238,3300,66
54306,58938,63570,4632,6
52338,58938,65538,6600,66
47058,58938,70818,11880,66
44022,58938,73854,14916,66
43830,58938,74046,15108,6
42174,58938,75702,16764,66
41730,58938,76146,17208,6
56034,59334,62634,3300,66
50886,59334,67782,8448,66
47730,59334,70938,11604,6
47322,59334,71346,12012,66
46002,59334,72666,13332,66
45066,59334,73602,14268,174
39990,59334,78678,19344,186
58110,59514,60918,1404,78
57798,59514,61230,1716,78
55458,59514,63570,4056,78
55314,59514,63714,4200,42
53382,59514,65646,6132,42
51246,59514,67782,8268,78
49686,59514,69342,9828,546
45474,59514,73554,14040,78
45066,59514,73962,14448,42
40170,59514,78858,19344,78
55986,59682,63378,3696,42
50922,59682,68442,8760,6
50022,59682,69342,9660,42
48546,59682,70818,11136,174
45510,59682,73854,14172,6
45318,59682,74046,14364,42
44190,59682,75174,15492,6
43218,59682,76146,16464,2058
41910,59682,77454,17772,6
41538,59682,77826,18144,42
41130,59682,78234,18552,6
59514,60354,61194,840,42
58842,60354,61866,1512,126
57942,60354,62766,2412,18
56574,60354,64134,3780,126
52074,60354,68634,8280,18
50526,60354,70182,9828,126
49014,60354,71694,11340,126
48594,60354,72114,11760,42
46746,60354,73962,13608,126
45234,60354,75474,15120,126
42030,60354,78678,18324,18
59682,60630,61578,948,6
55986,60630,65274,4644,258
53922,60630,67338,6708,258
52338,60630,68922,8292,6
48594,60630,72666,12036,6
47718,60630,73542,12912,6
45270,60630,75990,15360,30
45066,60630,76194,15564,6
44118,60630,77142,16512,258
44022,60630,77238,16608,6
41910,60630,79350,18720,30
59334,60786,62238,1452,66
58938,60786,62634,1848,66
56034,60786,65538,4752,198
54846,60786,66726,5940,198
54558,60786,67014,6228,18
53406,60786,68166,7380,18
47718,60786,73854,13068,198
46398,60786,75174,14388,66
44118,60786,77454,16668,18
43830,60786,77742,16956,18
42174,60786,79398,18612,198
42066,60786,79506,18720,18
58266,60918,63570,2652,78
58086,60918,63750,2832,6
52734,60918,69102,8184,66
48594,60918,73242,12324,78
46134,60918,75702,14784,66
46002,60918,75834,14916,66
59514,61194,62874,1680,42
53046,61194,69342,8148,42
49686,61194,72702,11508,42
46398,61194,75990,14796,6
46242,61194,76146,14952,42
44154,61194,78234,17040,6
58890,61230,63570,2340,390
55638,61230,66822,5592,6
50622,61230,71838,10608,78
49938,61230,72522,11292,6
49686,61230,72774,11544,78
47730,61230,74730,13500,30
45318,61230,77142,15912,78
43110,61230,79350,18120,30
60786,61362,61938,576,18
54558,61362,68166,6804,126
53802,61362,68922,7560,126
53382,61362,69342,7980,42
50886,61362,71838,10476,18
50022,61362,72702,11340,126
49686,61362,73038,11676,42
48546,61362,74178,12816,18
46998,61362,75726,14364,126
46242,61362,76482,15120,126
45270,61362,77454,16092,18
44118,61362,78606,17244,18
60918,61578,62238,660,66
57246,61578,65910,4332,6
55818,61578,67338,5760,18
53262,61578,69894,8316,198
52338,61578,70818,9240,66
52074,61578,71082,9504,198
47322,61578,75834,14256,198
46134,61578,77022,15444,198
44478,61578,78678,17100,18
60918,61698,62478,780,78
60630,61698,62766,1068,6
59682,61698,63714,2016,42
58266,61698,65130,3432,78
57486,61698,65910,4212,78
56574,61698,66822,5124,42
53430,61698,69966,8268,78
51414,61698,71982,10284,6
50622,61698,72774,11076,78
49842,61698,73554,11856,78
46998,61698,76398,14700,42
60354,61866,63378,1512,126
58086,61866,65646,3780,126
55638,61866,68094,6228,18
53922,61866,69810,7944,6
52794,61866,70938,9072,126
52038,61866,71694,9828,126
49686,61866,74046,12180,42
49014,61866,74718,12852,126
48258,61866,75474,13608,126
58338,61938,65538,3600,18
56862,61938,67014,5076,54
52794,61938,71082,9144,18
52038,61938,71838,9900,18
50022,61938,73854,11916,18
49698,61938,74178,12240,18
48174,61938,75702,13764,6882
47730,61938,76146,14208,222
46134,61938,77742,15804,18
45270,61938,78606,16668,18
44478,61938,79398,17460,18
56166,61974,67782,5808,66
55314,61974,68634,6660,18
54846,61974,69102,7128,198
51246,61974,72702,10728,18
48246,61974,75702,13728,66
47754,61974,76194,14220,18
45954,61974,77994,16020,18
45474,61974,78474,16500,66
45342,61974,78606,16632,198
45270,61974,78678,16704,18
58938,62238,65538,3300,66
56034,62238,68442,6204,66
53658,62238,70818,8580,66
50922,62238,73554,11316,5658
50622,62238,73854,11616,66
46242,62238,78234,15996,6
46002,62238,78474,16236,2706
61578,62478,63378,900,18
59682,62478,65274,2796,6
57942,62478,67014,4536,54
57486,62478,67470,4992,78
56862,62478,68094,5616,702
56034,62478,68922,6444,18
55146,62478,69810,7332,78
53262,62478,71694,9216,18
51714,62478,73242,10764,234
51414,62478,73542,11064,6
47718,62478,77238,14760,18
61698,62634,63570,936,78
57798,62634,67470,4836,78
57486,62634,67782,5148,858
56166,62634,69102,6468,66
55458,62634,69810,7176,78
53922,62634,71346,8712,66
53430,62634,71838,9204,78
51714,62634,73554,10920,78
51414,62634,73854,11220,66
51090,62634,74178,11544,78
48258,62634,77010,14376,6
48246,62634,77022,14388,66
47034,62634,78234,15600,78
55638,62766,69894,7128,198
49698,62766,75834,13068,198
47058,62766,78474,15708,66
46134,62766,79398,16632,198
58938,62874,66810,3936,6
57582,62874,68166,5292,126
53802,62874,71946,9072,126
53046,62874,72702,9828,126
50022,62874,75726,12852,126
47754,62874,77994,15120,126
62478,63342,64206,864,54
60786,63342,65898,2556,18
57582,63342,69102,5760,18
54846,63342,71838,8496,18
52326,63342,74358,11016,2754
56862,63378,69894,6516,18
56574,63378,70182,6804,126
55818,63378,70938,7560,126
52794,63378,73962,10584,126
52038,63378,74718,11340,126
51714,63378,75042,11664,18
50922,63378,75834,12456,18
49014,63378,77742,14364,126
63342,63570,63798,228,6
61866,63570,65274,1704,6
61230,63570,65910,2340,390
57798,63570,69342,5772,78
57246,63570,69894,6324,6
56862,63570,70278,6708,78
52962,63570,74178,10608,78
51414,63570,75726,12156,6
49686,63570,77454,13884,78
48594,63570,78546,14976,78
59334,63714,68094,4380,6
58086,63714,69342,5628,42
57246,63714,70182,6468,42
55314,63714,72114,8400,42
53382,63714,74046,10332,1722
49686,63714,77742,14028,42
59334,63750,68166,4416,6
52326,63750,75174,11424,102
61698,63798,65898,2100,42
60786,63798,66810,3012,6
58890,63798,68706,4908,6
58338,63798,69258,5460,42
54558,63798,73038,9240,42
58374,64134,69894,5760,18
58086,64134,70182,6048,126
56574,64134,71694,7560,126
54306,64134,73962,9828,126
52794,64134,75474,11340,126
52074,64134,76194,12060,18
51246,64134,77022,12888,18
50526,64134,77742,13608,126
62874,64206,65538,1332,18
62766,64206,65646,1440,18
60630,64206,67782,3576,6
56574,64206,71838,7632,18
55638,64206,72774,8568,18
54558,64206,73854,9648,18
62478,65130,67782,2652,78
60918,65130,69342,4212,78
58422,65130,71838,6708,78
57486,65130,72774,7644,78
54558,65130,75702,10572,6
51714,65130,78546,13416,78
62766,65274,67782,2508,66
55818,65274,74730,9456,6
54846,65274,75702,10428,66
54558,65274,75990,10716,6
54150,65274,76398,11124,6
53406,65274,77142,11868,5934
52074,65274,78474,13200,66
62634,65538,68442,2904,66
61974,65538,69102,3564,198
58374,65538,72702,7164,18
56034,65538,75042,9504,198
60354,65646,70938,5292,126
57246,65646,74046,8400,42
56574,65646,74718,9072,126
55818,65646,75474,9828,126
55458,65646,75834,10188,18
55146,65646,76146,10500,42
54150,65646,77142,11496,6
62874,65898,68922,3024,126
59682,65898,72114,6216,42
57942,65898,73854,7956,18
55314,65898,76482,10584,126
54558,65898,77238,11340,126
53802,65898,77994,12096,126
63378,65910,68442,2532,6
62478,65910,69342,3432,78
58266,65910,73554,7644,78
55986,65910,75834,9924,6
62634,66726,70818,4092,66
60786,66726,72666,5940,198
55458,66726,77994,11268,18
54846,66726,78606,11880,198
63750,66810,69870,3060,510
63342,66810,70278,3468,102
60918,66810,72702,5892,6
58890,66810,74730,7920,30
56166,66810,77454,10644,6
55146,66810,78474,11664,6
63750,66822,69894,3072,6
61698,66822,71946,5124,42
59682,66822,73962,7140,42
57942,66822,75702,8880,222
57810,66822,75834,9012,6
57246,66822,76398,9576,42
55818,66822,77826,11004,42
64134,67014,69894,2880,18
63750,67014,70278,3264,102
61362,67014,72666,5652,18
60786,67014,73242,6228,18
56574,67014,77454,10440,18
56034,67014,77994,10980,18
61974,67338,72702,5364,18
60630,67338,74046,6708,258
58842,67338,75834,8496,18
55818,67338,78858,11520,18
65130,67470,69810,2340,390
62238,67470,72702,5232,6
61698,67470,73242,5772,78
57798,67470,77142,9672,78
57486,67470,77454,9984,78
58422,67782,77142,9360,78
58110,67782,77454,9672,78
65910,68094,70278,2184,78
64206,68094,71982,3888,54
62634,68094,73554,5460,78
60354,68094,75834,7740,18
57582,68094,78606,10512,18
65538,68166,70794,2628,18
62478,68166,73854,5688,18
61974,68166,74358,6192,18
60630,68166,75702,7536,6
58338,68166,77994,9828,126
67782,68442,69102,660,66
67014,68442,69870,1428,102
65538,68442,71346,2904,66
63342,68442,73542,5100,102
58890,68442,77994,9552,6
58338,68442,78546,10104,6
68166,68634,69102,468,18
63714,68634,73554,4920,246
60786,68634,76482,7848,18
62238,68706,75174,6468,66
61938,68706,75474,6768,18
61578,68706,75834,7128,198
58938,68706,78474,9768,66
65898,68922,71946,3024,126
63798,68922,74046,5124,42
61698,68922,76146,7224,42
61362,68922,76482,7560,126
65538,69102,72666,3564,198
62478,69102,75726,6624,18
61194,69102,77010,7908,6
66822,69258,71694,2436,42
65274,69258,73242,3984,6
63798,69258,74718,5460,42
63342,69258,75174,5916,102
67338,69342,71346,2004,6
65910,69342,72774,3432,78
65646,69342,73038,3696,42
65130,69342,73554,4212,78
61230,69342,77454,8112,78
69342,69810,70278,468,78
67782,69810,71838,2028,78
62478,69810,77142,7332,78
68922,69870,70818,948,6
63750,69870,75990,6120,510
63342,69870,76398,6528,102
61194,69870,78546,8676,6
68706,69894,71082,1188,198
68442,69894,71346,1452,66
68094,69894,71694,1800,18
67014,69894,72774,2880,18
63798,69894,75990,6096,6
62766,69894,77022,7128,198
68094,69966,71838,1872,234
64206,69966,75726,5760,18
62478,69966,77454,7488,234
61938,69966,77994,8028,18
61698,69966,78234,8268,78
66822,70182,73542,3360,42
66810,70182,73554,3372,6
65646,70182,74718,4536,126
63342,70182,77022,6840,18
68442,70278,72114,1836,102
67782,70278,72774,2496,78
67014,70278,73542,3264,102
69894,70794,71694,900,18
68922,70794,72666,1872,18
64134,70794,77454,6660,18
62238,70794,79350,8556,138
68094,70818,73542,2724,6
67782,70818,73854,3036,66
65910,70818,75726,4908,6
65646,70818,75990,5172,6
62238,70818,79398,8580,66
61974,70818,79662,8844,66
69258,70890,72522,1632,102
70182,70938,71694,756,126
69894,70938,71982,1044,18
69102,70938,72774,1836,18
68634,70938,73242,2304,18
64134,70938,77742,6804,126
62478,70938,79398,8460,18
70182,71082,71982,900,18
68922,71082,73242,2160,18
62766,71082,79398,8316,198
69258,71250,73242,1992,6
67782,71250,74718,3468,6
69342,71694,74046,2352,42
65646,71694,77742,6048,126
68634,71838,75042,3204,18
65130,71838,78546,6708,78
68166,71946,75726,3780,126
65898,71946,77994,6048,126
68922,71982,75042,3060,18
66822,71982,77142,5160,258
66726,71982,77238,5256,18
70182,72114,74046,1932,42
69870,72114,74358,2244,102
71082,72522,73962,1440,18
69870,72522,75174,2652,102
69342,72522,75702,3180,6
66810,72522,78234,5712,102
65646,72522,79398,6876,18
69342,72666,75990,3324,6
68094,72666,77238,4572,18
67338,72666,77994,5328,18
66726,72666,78606,5940,198
69258,72702,76146,3444,42
68922,72702,76482,3780,126
68166,72702,77238,4536,126
66726,72702,78678,5976,18
65898,72702,79506,6804,126
71946,72774,73602,828,18
71694,72774,73854,1080,18
70818,72774,74730,1956,6
68094,72774,77454,4680,234
72522,73038,73554,516,6
72114,73038,73962,924,42
71346,73038,74730,1692,282
67470,73038,78606,5568,6
72522,73242,73962,720,18
69342,73242,77142,3900,78
73038,73542,74046,504,42
71250,73542,75834,2292,6
70938,73542,76146,2604,42
70890,73542,76194,2652,102
69342,73542,77742,4200,42
69258,73542,77826,4284,714
69966,73554,77142,3588,1794
69870,73554,77238,3684,6
68634,73554,78474,4920,246
70182,73602,77022,3420,18
69966,73602,77238,3636,18
72666,73854,75042,1188,198
71982,73854,75726,1872,18
69966,73854,77742,3888,18
69102,73854,78606,4752,198
70182,73962,77742,3780,126
71946,74046,76146,2100,42
71694,74046,76398,2352,42
71082,74046,77010,2964,6
72522,74178,75834,1656,18
71346,74178,77010,2832,6
69810,74178,78546,4368,78
73542,74358,75174,816,102
73242,74358,75474,1116,18
72522,74358,76194,1836,918
71694,74358,77022,2664,18
70890,74358,77826,3468,102
73962,74718,75474,756,126
73602,74718,75834,1116,18
73242,74718,76194,1476,18
73038,74718,76398,1680,42
71982,74718,77454,2736,18
71694,74718,77742,3024,126
70890,74718,78546,3828,6
74358,75042,75726,684,18
73602,75042,76482,1440,18
74358,75174,75990,816,102
72522,75174,77826,2652,102
72114,75174,78234,3060,102
72774,75726,78678,2952,18
75474,75834,76194,360,18
73038,76194,79350,3156,6
75726,76482,77238,756,126
74730,76482,78234,1752,6
74358,76482,78606,2124,18
76194,77010,77826,816,102
75474,77010,78546,1536,6
74358,77010,79662,2652,102
76482,77238,77994,756,126
77010,77742,78474,732,6
76482,77994,79506,1512,126
78234,78546,78858,312,78
77742,78546,79350,804,6
