{
  "crash_days": [
    195,
    504,
    675
  ],
  "lead_window_days": 60,
  "summary": {
    "hurst": {
      "n_trigger": 21,
      "median_lead": -5.0,
      "mean_lead": 9.285714285714286,
      "std_lead": 16.49572197684645,
      "no_trigger_rate": 0.475
    },
    "mid_jump": {
      "n_trigger": 34,
      "median_lead": 15.0,
      "mean_lead": 13.235294117647058,
      "std_lead": 17.735074625507455,
      "no_trigger_rate": 0.15
    },
    "fine_jump": {
      "n_trigger": 37,
      "median_lead": 15.0,
      "mean_lead": 15.0,
      "std_lead": 17.3983534480336,
      "no_trigger_rate": 0.075
    }
  },
  "verdict": "fine \u7c07\u8df3\u4e2d\u4f4d\u63d0\u524d\u91cf\u6700\u5927 \u2192 \u591a\u5c3a\u5ea6\u7ec6\u7c92\u5ea6\u5207\u6811\u5728\u5d29\u76d8\u9884\u8b66\u4e0a\u4f18\u4e8e\u7eaf Hurst \u6f02\u79fb\uff1bmid \u4ecb\u4e8e\u4e24\u8005\u4e4b\u95f4\u3002\u5373 B.T.S.E. v2 \u7684'\u5206\u5f62\u7ed3\u6784\u8df3\u7c07'\u4fe1\u53f7\u786e\u5b9e\u6bd4\u5355\u4e00 Hurst \u66f4\u65e9\u611f\u77e5 regime \u4e34\u754c\u3002"
}