{
  "gpu": "RTX 4090 24GB",
  "ram": "1TB",
  "bsd_p1e7": {
    "primes": 664579,
    "p_max": 10000000
  },
  "cfd_256": {
    "grid": "256^3",
    "steps": 10,
    "omega_max": [
      1.499922513961792,
      1.4958515167236328,
      1.4918053150177002,
      1.4877835512161255,
      1.4837877750396729,
      1.4798164367675781,
      1.4758694171905518,
      1.471947431564331,
      1.4680495262145996,
      1.464174509048462,
      1.460325002670288
    ],
    "blowup": false
  },
  "matmul": {
    "n": 15000,
    "cupy_tflops": 37.45632694101382,
    "torch_tflops": 53.231211220998006
  }
}