N,ratio,var_p,var_pk,n_primes,n_pk,n_multi,time_s
1000000000,51048.98041813706,1443.4748499000946,0.02827627188783669,50847532,3633,215815501,826.9059770107269
