N,ratio_spf,var_p,var_pk,n_primes,time_s
1000000000,191.1579834422938,1443.474849900097,7.551214047703369,50847532,72.2684416770935
