{
  "omega_max": 9.13790512084961,
  "omega_mean": 0.8314274549484253,
  "n_iso_surfaces": 3,
  "total_verts": 82182,
  "total_faces": 164336,
  "cone_pts": 437256
}