{
  "exp1_multi_order": {
    "3": {
      "T_mean": 300.00092593128306,
      "T_std": 0.0011415558199564593,
      "T_max": 300.0033333380501,
      "max_flip": 3,
      "avg_power_mW": 1000000967.1407406
    },
    "5": {
      "T_mean": 300.000733338383,
      "T_std": 0.0010624906752105922,
      "T_max": 300.0033333388833,
      "max_flip": 5,
      "avg_power_mW": 2000002529.856
    },
    "7": {
      "T_mean": 300.0007823177924,
      "T_std": 0.0011713714429336076,
      "T_max": 300.00333333928995,
      "max_flip": 5,
      "avg_power_mW": 2000004773.6761904
    }
  },
  "exp2_farey_vs_uniform": {
    "farey_max_flip": 5,
    "uniform_max_flip": 25,
    "farey_T_std": 0.0010624906752105922,
    "uniform_T_std": 2.0200666683943145e-09,
    "flip_reduction_pct": 80.0
  },
  "exp3_duty_matrix": {
    "linear_T_std": 0.0010624905330134794,
    "proportional_T_std": 0.0010624906752105922,
    "linear_row_sums": [
      0.95,
      0.95,
      0.95,
      0.9499999999999997,
      0.9499999999999998
    ],
    "proportional_row_sums": [
      0.91,
      0.9099999999999998,
      0.9099999999999999,
      0.9099999999999998,
      0.9099999999999999
    ],
    "improvement_pct": -0.0
  }
}